Rk,Name,Age,Tm,Lg,G,GS,CG,Inn,Ch,PO,A,E,DP,Fld%,Rdrs,Rdrs/yr,Rpm,RsbP,RF/9,RF/G,SB,CS,CS%,PO
1,David Aardsma,33,ATL,NL,33,0,0,30.2,2,0,1,1,0,.500,-1,-7,-1,0,0.29,0.03,4,1,20%,0
2,Fernando Abad,29,OAK,AL,62,0,0,47.2,6,2,4,0,0,1.000,0,0,-1,1,1.13,0.10,0,3,100%,0
3,A.J. Achter,26,MIN,AL,11,0,0,13.1,2,1,0,1,0,.500,-1,-15,,-1,0.68,0.09,4,0,0%,0
4,Austin Adams,28,CLE,AL,28,0,0,33.1,4,0,4,0,0,1.000,0,0,0,0,1.08,0.14,1,0,0%,0
5,Nathan Adcock,27,CIN,NL,13,0,0,18.0,6,2,3,1,0,.833,-1,-11,0,-1,2.50,0.38,5,1,17%,0
6,Jeremy Affeldt,36,SFG,NL,52,0,0,35.1,9,3,6,0,0,1.000,1,6,2,-1,2.29,0.17,4,0,0%,0
7,Andrew Albers,29,TOR,AL,1,0,0,2.2,0,0,0,0,0,,0,0,,0,0.00,0.00,0,0,,0
8,Matt Albers,32,CHW,AL,30,0,0,37.1,12,3,8,1,1,.917,-1,-5,0,-1,2.65,0.37,4,0,0%,0
9,Al Alburquerque,29,DET,AL,67,0,0,62.0,14,5,9,0,2,1.000,0,0,1,-1,2.03,0.21,8,1,11%,0
10,Scott Alexander,25,KCR,AL,4,0,0,6.0,2,1,1,0,0,1.000,0,0,0,0,3.00,0.50,0,0,,0
11,Cody Allen,26,CLE,AL,70,0,0,69.1,6,2,4,0,0,1.000,1,3,1,0,0.78,0.09,4,1,20%,0
12,Miguel Almonte,22,KCR,AL,9,0,0,8.2,2,1,1,0,0,1.000,0,0,0,0,2.08,0.22,1,0,0%,0
13,Dario Alvarez,26,NYM,NL,6,0,0,3.2,0,0,0,0,0,,0,0,0,0,0.00,0.00,0,0,,0
14,Henderson Alvarez,25,MIA,NL,4,4,0,22.1,8,3,4,1,0,.875,-1,-9,0,0,2.82,1.75,2,0,0%,0
15,Jose Alvarez,26,LAA,AL,64,0,0,67.0,14,6,8,0,1,1.000,2,6,1,0,1.88,0.22,0,0,,0
16,R.J. Alvarez,24,OAK,AL,21,0,0,20.0,3,2,1,0,0,1.000,-1,-10,-1,0,1.35,0.14,0,0,,0
17,Alexi Amarista,26,SDP,NL,1,0,0,0.1,0,0,0,0,0,,0,0,,0,0.00,0.00,0,0,,0
18,Brett Anderson,27,LAD,NL,31,31,1,180.1,51,4,47,0,1,1.000,-2,-2,-3,2,2.55,1.65,10,10,50%,6
19,Chase Anderson,27,ARI,NL,27,27,0,152.2,24,8,14,2,2,.917,-1,-1,-1,0,1.30,0.81,5,3,38%,0
20,Cody Anderson,24,CLE,AL,15,15,1,91.1,23,8,15,0,1,1.000,2,4,2,0,2.27,1.53,1,2,67%,0
21,Matt Andriese,25,TBR,AL,25,8,0,65.2,9,4,5,0,1,1.000,0,0,0,0,1.23,0.36,2,2,50%,0
22,Elvis Araujo,23,PHI,NL,40,0,0,34.2,7,1,6,0,2,1.000,0,0,0,0,1.82,0.18,3,0,0%,0
23,Chris Archer,26,TBR,AL,34,34,1,212.0,29,5,22,2,3,.931,1,1,2,1,1.15,0.79,7,8,53%,0
24,Shawn Armstrong,24,CLE,AL,8,0,0,8.0,0,0,0,0,0,,0,0,0,0,0.00,0.00,0,0,,0
25,Jonathan Aro,24,BOS,AL,6,0,0,10.1,1,1,0,0,0,1.000,0,0,0,0,0.87,0.17,0,0,,0
Rk,Name,Age,Tm,Lg,G,GS,CG,Inn,Ch,PO,A,E,DP,Fld%,Rdrs,Rdrs/yr,Rpm,RsbP,RF/9,RF/G,SB,CS,CS%,PO
26,Jake Arrieta,29,CHC,NL,33,33,4,229.0,86,33,49,4,5,.953,6,5,8,-3,3.22,2.48,27,6,18%,1
27,Alec Asher,23,PHI,NL,7,7,0,29.0,6,3,3,0,0,1.000,-1,-7,-1,0,1.86,0.86,1,1,50%,0
28,Scott Atchison,39,CLE,AL,23,0,0,19.2,3,1,2,0,0,1.000,0,0,0,0,1.37,0.13,0,0,,0
29,Phillippe Aumont,26,PHI,NL,1,1,0,4.0,0,0,0,0,0,,0,0,0,0,0.00,0.00,0,0,,0
30,Luis Avilan,25,TOT,MLB,73,0,0,53.1,20,6,13,1,2,.950,2,45,2,0,3.21,0.26,4,1,20%,1
31,Luis Avilan,25,ATL,NL,50,0,0,37.2,17,4,12,1,2,.941,2,11,2,0,3.82,0.32,3,1,25%,1
32,Luis Avilan,25,LAD,NL,23,0,0,15.2,3,2,1,0,0,1.000,0,0,0,0,1.72,0.13,1,0,0%,0
33,Dylan Axelrod,29,CIN,NL,6,0,0,12.1,1,0,1,0,0,1.000,1,16,1,0,0.73,0.17,1,0,0%,0
34,John Axford,32,COL,NL,60,0,0,55.2,15,6,8,1,1,.933,-2,-7,-1,-1,2.26,0.23,8,2,20%,0
35,Burke Badenhop,32,CIN,NL,68,0,0,66.1,12,3,9,0,0,1.000,2,6,2,0,1.63,0.18,5,2,29%,0
36,Pedro Baez,27,LAD,NL,52,0,0,51.0,6,1,4,1,1,.833,-3,-12,0,0,0.88,0.10,1,1,50%,0
37,Andrew Bailey,31,NYY,AL,10,0,0,8.2,4,2,2,0,0,1.000,1,23,1,0,4.15,0.40,1,0,0%,0
38,Homer Bailey,29,CIN,NL,2,2,0,11.1,3,1,2,0,0,1.000,0,0,0,0,2.38,1.50,1,0,0%,0
39,Scott Baker,33,LAD,NL,2,2,0,11.0,2,1,1,0,0,1.000,0,0,0,0,1.64,1.00,1,0,0%,0
40,Collin Balester,29,CIN,NL,15,0,0,15.2,1,1,0,0,0,1.000,0,0,0,0,0.57,0.07,0,0,,0
41,Grant Balfour,37,TBR,AL,6,0,0,4.1,0,0,0,0,0,,0,0,,0,0.00,0.00,0,0,,0
42,Manny Banuelos,24,ATL,NL,7,6,0,26.1,3,0,2,1,0,.667,-1,-8,-1,0,0.68,0.29,5,2,29%,2
43,Matt Barnes,25,BOS,AL,32,2,0,43.0,7,4,3,0,0,1.000,-2,-9,-1,-1,1.47,0.22,7,1,13%,0
44,Kyle Barraclough,25,MIA,NL,25,0,0,24.1,4,1,2,1,0,.750,0,0,0,0,1.11,0.12,3,2,40%,0
45,Aaron Barrett,27,WSN,NL,40,0,0,29.1,7,2,3,2,1,.714,-1,-7,0,0,1.53,0.13,4,1,20%,0
46,Yhonathan Barrios,23,MIL,NL,5,0,0,6.2,1,0,1,0,0,1.000,0,0,0,0,1.35,0.20,0,0,,0
47,Anthony Bass,27,TEX,AL,33,0,0,64.0,15,6,8,1,2,.933,-1,-3,-1,0,1.97,0.42,2,1,33%,0
48,Chris Bassitt,26,OAK,AL,18,13,0,86.0,15,5,9,1,1,.933,-1,-2,-1,0,1.47,0.78,7,4,36%,0
49,Antonio Bastardo,29,PIT,NL,66,0,0,57.1,5,0,4,1,0,.800,-1,-3,0,-1,0.63,0.06,8,0,0%,0
50,Trevor Bauer,24,CLE,AL,31,30,1,176.0,26,12,13,1,3,.962,-1,-1,-1,0,1.28,0.81,11,6,35%,0
Rk,Name,Age,Tm,Lg,G,GS,CG,Inn,Ch,PO,A,E,DP,Fld%,Rdrs,Rdrs/yr,Rpm,RsbP,RF/9,RF/G,SB,CS,CS%,PO
51,Brandon Beachy,28,LAD,NL,2,2,0,8.0,1,1,0,0,0,1.000,0,0,,0,1.12,0.50,1,0,0%,0
52,Chris Beck,24,CHW,AL,1,1,0,6.0,2,0,2,0,0,1.000,0,0,0,0,3.00,2.00,1,0,0%,0
53,Cam Bedrosian,23,LAA,AL,34,0,0,33.1,6,2,4,0,0,1.000,-1,-6,-1,0,1.62,0.18,3,2,40%,0
54,Dallas Beeler,26,CHC,NL,3,3,0,8.1,3,1,2,0,0,1.000,0,0,0,0,3.24,1.00,0,0,,0
55,Joe Beimel,38,SEA,AL,53,0,0,47.1,15,1,14,0,2,1.000,3,13,0,3,2.85,0.28,0,4,100%,6
56,Ronald Belisario,32,TBR,AL,6,0,0,8.0,0,0,0,0,0,,0,0,0,0,0.00,0.00,0,0,,0
57,Matt Belisle,35,STL,NL,34,0,0,33.2,8,1,7,0,0,1.000,0,0,0,0,2.14,0.24,1,1,50%,0
58,Jeff Beliveau,28,TBR,AL,5,0,0,2.2,0,0,0,0,0,,0,0,0,0,0.00,0.00,1,0,0%,0
59,Andrew Bellatti,23,TBR,AL,17,0,0,23.1,3,0,2,1,1,.667,-1,-9,0,0,0.77,0.12,2,1,33%,0
60,Joaquin Benoit,37,SDP,NL,67,0,0,65.1,11,3,8,0,0,1.000,2,6,2,0,1.52,0.16,5,3,38%,0
61,Christian Bergman,27,COL,NL,30,4,0,68.1,15,5,10,0,2,1.000,2,6,2,0,1.98,0.50,2,2,50%,0
62,Dellin Betances,27,NYY,AL,74,0,0,84.0,13,5,8,0,0,1.000,-1,-2,1,-2,1.39,0.18,17,4,19%,0
63,Rafael Betancourt,40,COL,NL,45,0,0,39.1,3,2,1,0,0,1.000,-1,-5,0,-1,0.69,0.07,5,0,0%,0
64,Chad Bettis,26,COL,NL,20,20,0,115.0,23,12,11,0,0,1.000,1,2,0,0,1.80,1.15,3,1,25%,0
65,Chad Billingsley,30,PHI,NL,7,7,0,37.0,9,2,6,1,1,.889,-2,-11,-1,0,1.95,1.14,0,1,100%,0
66,Joe Blanton,34,TOT,MLB,36,4,0,76.0,16,7,8,1,0,.938,2,31,1,0,1.78,0.42,5,2,29%,1
67,Joe Blanton,34,KCR,AL,15,4,0,41.2,10,4,6,0,0,1.000,2,10,1,0,2.16,0.67,1,1,50%,0
68,Joe Blanton,34,PIT,NL,21,0,0,34.1,6,3,2,1,0,.833,0,0,0,0,1.31,0.24,4,1,20%,1
69,Michael Blazek,26,MIL,NL,45,0,0,55.2,15,5,9,1,0,.933,2,7,1,1,2.26,0.31,2,4,67%,0
70,Jerry Blevins,31,NYM,NL,7,0,0,5.0,1,0,1,0,0,1.000,0,0,,0,1.80,0.14,2,0,0%,0
71,Brett Bochy,27,SFG,NL,4,0,0,3.0,0,0,0,0,0,,0,0,0,0,0.00,0.00,0,0,,0
72,Mike Bolsinger,27,LAD,NL,21,21,0,109.1,18,8,7,3,1,.833,-4,-7,-2,0,1.23,0.71,9,6,40%,0
73,Brad Boxberger,27,TBR,AL,69,0,0,63.0,9,1,6,2,0,.778,-2,-6,-1,0,1.00,0.10,6,3,33%,0
74,Matt Boyd,24,TOT,MLB,13,12,0,57.1,9,1,7,1,0,.889,1,21,0,1,1.26,0.62,1,5,83%,2
75,Matt Boyd,24,TOR,AL,2,2,0,6.2,2,0,2,0,0,1.000,0,0,0,0,2.70,1.00,0,0,,0
Rk,Name,Age,Tm,Lg,G,GS,CG,Inn,Ch,PO,A,E,DP,Fld%,Rdrs,Rdrs/yr,Rpm,RsbP,RF/9,RF/G,SB,CS,CS%,PO
76,Matt Boyd,24,DET,AL,11,10,0,50.2,7,1,5,1,0,.857,1,4,0,1,1.07,0.55,1,5,83%,2
77,Blaine Boyer,33,MIN,AL,68,0,0,65.0,22,7,13,2,1,.909,-1,-3,-1,0,2.77,0.29,8,4,33%,0
78,Brad Brach,29,BAL,AL,62,0,0,79.1,10,3,6,1,1,.900,-2,-5,-2,0,1.02,0.15,6,2,25%,0
79,Silvino Bracho,22,ARI,NL,13,0,0,12.1,1,1,0,0,0,1.000,0,0,0,0,0.73,0.08,0,1,100%,0
80,Archie Bradley,22,ARI,NL,8,8,0,35.2,6,4,2,0,0,1.000,-1,-6,-1,0,1.51,0.75,4,1,20%,0
81,Craig Breslow,34,BOS,AL,45,2,0,65.0,9,3,5,1,1,.889,-1,-3,0,0,1.11,0.18,1,2,67%,0
82,Jake Brigham,27,ATL,NL,12,1,0,16.2,0,0,0,0,0,,-1,-12,0,-1,0.00,0.00,4,0,0%,0
83,Zach Britton,27,BAL,AL,64,0,0,65.2,26,5,21,0,0,1.000,1,3,0,1,3.56,0.41,0,3,100%,2
84,Mike Broadway,28,SFG,NL,21,0,0,17.1,3,1,2,0,0,1.000,1,12,0,1,1.56,0.14,0,3,100%,0
85,Aaron Brooks,25,TOT,MLB,13,9,0,55.1,7,5,2,0,1,1.000,-1,-21,-1,0,1.14,0.54,2,1,33%,1
86,Aaron Brooks,25,KCR,AL,2,0,0,4.1,0,0,0,0,0,,0,0,0,0,0.00,0.00,0,0,,0
87,Aaron Brooks,25,OAK,AL,11,9,0,51.0,7,5,2,0,1,1.000,-1,-4,-1,0,1.24,0.64,2,1,33%,1
88,Rex Brothers,27,COL,NL,17,0,0,10.1,2,0,2,0,1,1.000,1,19,1,0,1.74,0.12,0,0,,0
89,Brooks Brown,30,COL,NL,36,0,0,33.0,5,1,4,0,0,1.000,-1,-6,0,-1,1.36,0.14,6,0,0%,0
90,Jonathan Broxton,31,TOT,MLB,66,0,0,60.1,19,5,13,1,0,.947,0,0,-1,0,2.69,0.27,2,1,33%,0
91,Jonathan Broxton,31,MIL,NL,40,0,0,36.2,12,4,8,0,0,1.000,1,5,0,0,2.95,0.30,1,0,0%,0
92,Jonathan Broxton,31,STL,NL,26,0,0,23.2,7,1,5,1,0,.857,-1,-8,-1,0,2.28,0.23,1,1,50%,0
93,David Buchanan,26,PHI,NL,15,15,0,74.2,8,2,5,1,2,.875,-4,-11,-4,0,0.84,0.47,1,1,50%,0
94,Jake Buchanan,25,HOU,AL,5,0,0,9.0,1,0,1,0,0,1.000,0,0,,0,1.00,0.20,1,0,0%,0
95,Clay Buchholz,30,BOS,AL,18,18,1,113.1,17,9,6,2,0,.882,-3,-5,-4,1,1.19,0.83,2,4,67%,0
96,Mark Buehrle,36,TOR,AL,32,32,4,198.2,43,11,29,3,4,.930,5,5,2,2,1.81,1.25,0,2,100%,3
97,Madison Bumgarner,25,SFG,NL,32,32,4,218.1,25,5,19,1,1,.960,0,0,-1,1,0.99,0.75,5,4,44%,1
98,Danny Burawa,26,TOT,MLB,13,0,0,13.0,1,0,1,0,0,1.000,0,0,0,0,0.69,0.08,1,0,0%,0
99,Danny Burawa,26,NYY,AL,1,0,0,0.2,0,0,0,0,0,,0,0,0,0,0.00,0.00,0,0,,0
100,Danny Burawa,26,ATL,NL,12,0,0,12.1,1,0,1,0,0,1.000,0,0,0,0,0.73,0.08,1,0,0%,0
Rk,Name,Age,Tm,Lg,G,GS,CG,Inn,Ch,PO,A,E,DP,Fld%,Rdrs,Rdrs/yr,Rpm,RsbP,RF/9,RF/G,SB,CS,CS%,PO
101,Enrique Burgos,24,ARI,NL,30,0,0,27.0,2,0,2,0,0,1.000,0,0,0,0,0.67,0.07,1,2,67%,0
102,A.J. Burnett,38,PIT,NL,26,26,0,164.0,34,11,20,3,1,.912,-6,-7,-2,-3,1.70,1.19,33,9,21%,3
103,Eddie Butler,24,COL,NL,16,16,1,79.1,29,10,15,4,2,.862,1,3,0,1,2.84,1.56,6,4,40%,1
104,Cesar Cabral,26,BAL,AL,2,0,0,1.0,0,0,0,0,0,,0,0,,0,0.00,0.00,0,0,,0
105,Trevor Cahill,27,TOT,MLB,26,3,0,43.1,15,5,10,0,0,1.000,0,0,1,-1,3.12,0.58,5,2,29%,0
106,Trevor Cahill,27,ATL,NL,15,3,0,26.1,10,4,6,0,0,1.000,-1,-8,0,-1,3.42,0.67,5,1,17%,0
107,Trevor Cahill,27,CHC,NL,11,0,0,17.0,5,1,4,0,0,1.000,1,12,1,0,2.65,0.45,0,1,100%,0
108,Matt Cain,30,SFG,NL,13,11,0,60.2,6,2,4,0,0,1.000,0,0,1,-1,0.89,0.46,7,1,13%,0
109,Arquimedes Caminero,28,PIT,NL,73,0,0,74.2,11,2,9,0,0,1.000,-1,-3,0,-1,1.33,0.15,9,0,0%,0
110,Leonel Campos,27,SDP,NL,1,0,0,1.0,0,0,0,0,0,,0,0,,0,0.00,0.00,0,0,,0
111,Carter Capps,24,MIA,NL,30,0,0,31.0,6,1,5,0,1,1.000,-1,-6,-1,0,1.74,0.20,5,0,0%,1
112,Chris Capuano,36,NYY,AL,22,4,0,40.2,10,0,10,0,2,1.000,1,5,1,0,2.21,0.45,1,1,50%,1
113,Buddy Carlyle,37,NYM,NL,11,0,0,8.0,2,2,0,0,0,1.000,0,0,0,0,2.25,0.18,0,0,,0
114,David Carpenter,29,TOT,MLB,30,0,0,24.2,5,2,2,1,0,.800,0,0,0,0,1.46,0.13,1,1,50%,0
115,David Carpenter,29,NYY,AL,22,0,0,18.2,4,1,2,1,0,.750,0,0,0,0,1.45,0.14,0,1,100%,0
116,David Carpenter,27,ATL,NL,4,0,0,3.2,1,1,0,0,0,1.000,0,0,,0,2.45,0.25,0,0,,0
117,David Carpenter,29,WSN,NL,8,0,0,6.0,1,1,0,0,0,1.000,0,0,0,0,1.50,0.13,1,0,0%,0
118,Carlos Carrasco,28,CLE,AL,30,30,3,183.2,22,8,14,0,1,1.000,0,0,-1,0,1.08,0.73,13,9,41%,1
119,Scott Carroll,30,CHW,AL,18,0,0,36.2,7,2,4,1,0,.857,0,0,0,0,1.47,0.33,4,1,20%,0
120,Andrew Cashner,28,SDP,NL,31,31,0,184.2,44,9,34,1,3,.977,1,1,0,1,2.10,1.39,14,11,44%,3
121,Santiago Casilla,34,SFG,NL,67,0,0,58.0,10,2,8,0,1,1.000,2,7,2,0,1.55,0.15,5,2,29%,0
122,Angel Castro,32,OAK,AL,5,0,0,4.0,0,0,0,0,0,,-1,-50,-1,0,0.00,0.00,0,0,,0
123,Miguel Castro,20,TOT,MLB,18,0,0,17.2,2,0,2,0,0,1.000,0,0,0,0,1.02,0.11,1,1,50%,0
124,Miguel Castro,20,TOR,AL,13,0,0,12.1,0,0,0,0,0,,0,0,0,0,0.00,0.00,1,1,50%,0
125,Miguel Castro,20,COL,NL,5,0,0,5.1,2,0,2,0,0,1.000,0,0,0,0,3.38,0.40,0,0,,0
Rk,Name,Age,Tm,Lg,G,GS,CG,Inn,Ch,PO,A,E,DP,Fld%,Rdrs,Rdrs/yr,Rpm,RsbP,RF/9,RF/G,SB,CS,CS%,PO
126,Simon Castro,27,COL,NL,11,0,0,10.1,1,0,1,0,0,1.000,1,19,1,0,0.87,0.09,0,0,,0
127,Brett Cecil,28,TOR,AL,63,0,0,54.1,9,3,5,1,0,.889,-2,-7,-2,0,1.33,0.13,3,1,25%,2
128,Xavier Cedeno,28,TOT,MLB,66,0,0,46.0,11,2,8,1,1,.909,0,0,0,0,1.96,0.15,2,2,50%,0
129,Xavier Cedeno,28,WSN,NL,5,0,0,3.0,0,0,0,0,0,,0,0,,0,0.00,0.00,0,0,,0
130,Xavier Cedeno,28,TBR,AL,61,0,0,43.0,11,2,8,1,1,.909,0,0,0,0,2.09,0.16,2,2,50%,0
131,Jhoulys Chacin,27,ARI,NL,5,4,0,26.2,6,2,4,0,0,1.000,0,0,0,1,2.02,1.20,0,2,100%,0
132,Andrew Chafin,25,ARI,NL,66,0,0,75.0,15,4,10,1,1,.933,1,3,0,0,1.68,0.21,1,0,0%,0
133,Joba Chamberlain,29,TOT,MLB,36,0,0,27.2,6,3,3,0,0,1.000,0,0,0,0,1.95,0.17,1,0,0%,1
134,Joba Chamberlain,29,DET,AL,30,0,0,22.0,4,2,2,0,0,1.000,0,0,0,0,1.64,0.13,0,0,,1
135,Joba Chamberlain,29,KCR,AL,6,0,0,5.2,2,1,1,0,0,1.000,0,0,0,0,3.18,0.33,1,0,0%,0
136,Aroldis Chapman,27,CIN,NL,65,0,0,66.1,3,1,2,0,0,1.000,-3,-9,-2,-1,0.41,0.05,8,1,11%,1
137,Kevin Chapman,27,HOU,AL,3,0,0,5.1,1,0,1,0,0,1.000,0,0,,0,1.69,0.33,0,1,100%,1
138,Jesse Chavez,31,OAK,AL,30,26,0,157.0,22,10,10,2,0,.909,1,1,0,1,1.15,0.67,6,5,45%,0
139,Bruce Chen,38,CLE,AL,2,2,0,6.1,0,0,0,0,0,,0,0,0,0,0.00,0.00,0,0,,0
140,Wei-Yin Chen,29,BAL,AL,31,31,0,191.1,36,12,22,2,4,.944,0,0,1,0,1.60,1.10,5,2,29%,1
141,Randy Choate,39,STL,NL,71,0,0,27.1,14,5,9,0,1,1.000,0,0,0,0,4.61,0.20,0,1,100%,1
142,Tony Cingrani,25,CIN,NL,35,1,0,33.1,6,0,6,0,1,1.000,1,6,1,0,1.62,0.17,2,0,0%,1
143,Steve Cishek,29,TOT,MLB,59,0,0,55.1,13,4,7,2,0,.846,0,0,1,-1,1.79,0.19,5,2,29%,0
144,Steve Cishek,29,MIA,NL,32,0,0,32.0,10,4,5,1,0,.900,-1,-6,0,-1,2.53,0.28,5,1,17%,0
145,Steve Cishek,29,STL,NL,27,0,0,23.1,3,0,2,1,0,.667,1,9,1,0,0.77,0.07,0,1,100%,0
146,Alex Claudio,23,TEX,AL,18,0,0,15.2,6,2,4,0,1,1.000,1,13,1,0,3.45,0.33,0,0,,0
147,Tyler Clippard,30,TOT,MLB,69,0,0,71.0,9,3,6,0,1,1.000,1,16,2,-1,1.14,0.13,6,1,14%,0
148,Tyler Clippard,30,OAK,AL,37,0,0,38.2,3,1,2,0,0,1.000,0,0,1,-1,0.70,0.08,5,1,17%,0
149,Tyler Clippard,30,NYM,NL,32,0,0,32.1,6,2,4,0,1,1.000,1,6,1,0,1.67,0.19,1,0,0%,0
150,Phil Coke,32,TOT,MLB,18,0,0,12.2,7,2,4,1,0,.857,1,94,1,0,4.26,0.33,0,0,,0
Rk,Name,Age,Tm,Lg,G,GS,CG,Inn,Ch,PO,A,E,DP,Fld%,Rdrs,Rdrs/yr,Rpm,RsbP,RF/9,RF/G,SB,CS,CS%,PO
151,Phil Coke,32,CHC,NL,16,0,0,10.0,6,2,3,1,0,.833,1,20,1,0,4.50,0.31,0,0,,0
152,Phil Coke,32,TOR,AL,2,0,0,2.2,1,0,1,0,0,1.000,0,0,0,0,3.38,0.50,0,0,,0
153,A.J. Cole,23,WSN,NL,3,1,0,9.1,4,0,3,1,0,.750,0,0,0,0,2.89,1.00,0,0,,0
154,Gerrit Cole,24,PIT,NL,32,32,0,208.0,47,10,37,0,1,1.000,6,6,7,-2,2.03,1.47,25,10,29%,0
155,Louis Coleman,29,KCR,AL,4,0,0,3.0,1,0,1,0,1,1.000,0,0,0,0,3.00,0.25,0,0,,0
156,Josh Collmenter,29,ARI,NL,44,12,1,121.0,31,17,14,0,0,1.000,2,3,2,1,2.31,0.70,3,4,57%,2
157,Alex Colome,26,TBR,AL,43,13,0,109.2,17,5,12,0,0,1.000,-1,-2,-2,1,1.40,0.40,4,5,56%,1
158,Bartolo Colon,42,NYM,NL,33,31,1,194.2,44,9,32,3,6,.932,3,3,3,1,1.90,1.24,6,3,33%,1
159,Adam Conley,25,MIA,NL,15,11,0,67.0,9,0,9,0,0,1.000,1,3,1,0,1.21,0.60,3,1,25%,0
160,Carlos Contreras,24,CIN,NL,22,0,0,28.0,4,3,1,0,0,1.000,0,0,0,0,1.29,0.18,1,1,50%,0
161,Ryan Cook,28,TOT,MLB,9,0,0,8.2,1,0,0,1,0,.000,-1,-138,-1,0,0.00,0.00,3,0,0%,0
162,Ryan Cook,28,OAK,AL,4,0,0,4.1,0,0,0,0,0,,-1,-46,-1,0,0.00,0.00,1,0,0%,0
163,Ryan Cook,28,BOS,AL,5,0,0,4.1,1,0,0,1,0,.000,0,0,0,0,0.00,0.00,2,0,0%,0
164,Tim Cooney,24,STL,NL,6,6,0,31.1,6,1,5,0,0,1.000,2,13,1,1,1.72,1.00,0,3,100%,1
165,Scott Copeland,27,TOR,AL,5,3,0,15.1,5,1,4,0,1,1.000,0,0,0,0,2.93,1.00,0,1,100%,0
166,Patrick Corbin,25,ARI,NL,16,16,0,85.0,21,2,18,1,2,.952,5,12,4,0,2.12,1.25,1,0,0%,0
167,Erik Cordier,29,MIA,NL,8,0,0,12.1,1,0,1,0,0,1.000,0,0,0,0,0.73,0.13,1,0,0%,0
168,John Cornely,26,ATL,NL,1,0,0,1.0,0,0,0,0,0,,0,0,0,0,0.00,0.00,0,0,,0
169,Kevin Correia,34,PHI,NL,5,5,0,23.1,2,1,1,0,0,1.000,-1,-9,-1,0,0.77,0.40,0,0,,0
170,Jarred Cosart,25,MIA,NL,14,13,0,69.2,20,1,19,0,0,1.000,3,9,3,0,2.58,1.43,1,1,50%,0
171,Caleb Cotham,27,NYY,AL,12,0,0,9.2,0,0,0,0,0,,-1,-21,-1,0,0.00,0.00,1,1,50%,0
172,Neal Cotts,35,TOT,MLB,68,0,0,63.1,7,2,5,0,0,1.000,-3,-57,-1,-1,0.99,0.10,8,0,0%,0
173,Neal Cotts,35,MIL,NL,51,0,0,49.2,7,2,5,0,0,1.000,-2,-8,0,-1,1.27,0.14,7,0,0%,0
174,Neal Cotts,35,MIN,AL,17,0,0,13.2,0,0,0,0,0,,-1,-15,-1,0,0.00,0.00,1,0,0%,0
175,Daniel Coulombe,25,TOT,MLB,14,0,0,16.0,1,1,0,0,0,1.000,0,0,0,0,0.56,0.07,0,0,,0
Rk,Name,Age,Tm,Lg,G,GS,CG,Inn,Ch,PO,A,E,DP,Fld%,Rdrs,Rdrs/yr,Rpm,RsbP,RF/9,RF/G,SB,CS,CS%,PO
176,Daniel Coulombe,25,LAD,NL,5,0,0,8.1,0,0,0,0,0,,0,0,0,0,0.00,0.00,0,0,,0
177,Daniel Coulombe,25,OAK,AL,9,0,0,7.2,1,1,0,0,0,1.000,0,0,0,0,1.17,0.11,0,0,,0
178,Tyler Cravy,25,MIL,NL,14,7,0,42.2,5,2,3,0,0,1.000,0,0,-1,1,1.05,0.36,0,2,100%,0
179,Kyle Crockett,23,CLE,AL,31,0,0,17.2,2,0,2,0,0,1.000,-1,-11,-1,0,1.02,0.06,0,0,,0
180,Johnny Cueto,29,TOT,MLB,32,32,2,212.0,43,21,22,0,2,1.000,5,28,3,1,1.83,1.34,3,2,40%,1
181,Johnny Cueto,29,CIN,NL,19,19,1,130.2,30,12,18,0,1,1.000,4,6,2,1,2.07,1.58,2,1,33%,1
182,Johnny Cueto,29,KCR,AL,13,13,1,81.1,13,9,4,0,1,1.000,1,2,1,0,1.44,1.00,1,1,50%,0
183,Brandon Cunniff,26,ATL,NL,39,0,0,35.0,5,1,3,1,0,.800,-1,-6,-1,0,1.03,0.10,1,0,0%,0
184,John Danks,30,CHW,AL,30,30,2,177.2,29,6,20,3,1,.897,-2,-2,-3,1,1.32,0.87,7,3,30%,2
185,Kyle Davies,31,NYY,AL,1,0,0,2.1,1,0,1,0,0,1.000,0,0,0,0,3.86,1.00,0,0,,0
186,Zach Davies,22,MIL,NL,6,6,0,34.0,9,1,8,0,1,1.000,3,18,2,1,2.38,1.50,0,1,100%,1
187,Ike Davis,28,OAK,AL,2,0,0,2.0,0,0,0,0,0,,0,0,,,0.00,0.00,0,0,,0
188,Wade Davis,29,KCR,AL,69,0,0,67.1,18,9,8,1,1,.944,1,3,1,0,2.27,0.25,4,1,20%,0
189,Justin De Fratus,27,PHI,NL,61,0,0,80.0,15,10,3,2,1,.867,0,0,-2,1,1.46,0.21,6,5,45%,0
190,Jorge De La Rosa,34,COL,NL,26,26,1,149.0,27,5,22,0,0,1.000,2,3,2,0,1.63,1.04,10,3,23%,1
191,Rubby De La Rosa,26,ARI,NL,32,32,0,188.2,43,26,17,0,3,1.000,-3,-3,-2,0,2.05,1.34,8,4,33%,1
192,Abel De Los Santos,22,WSN,NL,2,0,0,1.2,0,0,0,0,0,,0,0,,0,0.00,0.00,0,0,,0
193,Jose De Paula,27,NYY,AL,1,0,0,3.1,0,0,0,0,0,,0,0,,0,0.00,0.00,0,0,,0
194,Jaff Decker,25,PIT,NL,1,0,0,1.0,1,0,1,0,0,1.000,0,0,0,0,9.00,1.00,0,0,,0
195,Sam Deduno,31,HOU,AL,9,2,0,21.0,3,2,1,0,0,1.000,0,0,0,0,1.29,0.33,3,1,25%,0
196,Jacob deGrom,27,NYM,NL,30,30,0,191.0,49,17,32,0,3,1.000,6,6,2,1,2.31,1.63,4,6,60%,0
197,Steve Delabar,31,TOR,AL,31,0,0,29.1,4,2,2,0,0,1.000,0,0,0,0,1.23,0.13,0,2,100%,0
198,Randall Delgado,25,ARI,NL,64,1,0,72.0,12,5,7,0,0,1.000,2,6,2,0,1.50,0.19,4,1,20%,0
199,Chris Denorfia,34,CHC,NL,1,0,0,0.1,0,0,0,0,0,,0,0,,,0.00,0.00,0,0,,0
200,Anthony DeSclafani,25,CIN,NL,31,31,0,184.2,37,14,21,2,0,.946,-3,-3,-2,-1,1.71,1.13,16,3,16%,1
Rk,Name,Age,Tm,Lg,G,GS,CG,Inn,Ch,PO,A,E,DP,Fld%,Rdrs,Rdrs/yr,Rpm,RsbP,RF/9,RF/G,SB,CS,CS%,PO
201,Odrisamer Despaigne,28,SDP,NL,34,18,0,125.2,35,5,30,0,0,1.000,6,10,4,1,2.51,1.03,2,3,60%,0
202,Ross Detwiler,29,TOT,MLB,41,7,0,58.1,19,4,15,0,0,1.000,3,62,1,2,2.93,0.46,4,5,56%,4
203,Ross Detwiler,29,TEX,AL,17,7,0,43.0,13,3,10,0,0,1.000,2,9,1,1,2.72,0.76,4,3,43%,3
204,Ross Detwiler,29,ATL,NL,24,0,0,15.1,6,1,5,0,0,1.000,1,13,0,1,3.52,0.25,0,2,100%,1
205,Jairo Diaz,24,COL,NL,21,0,0,19.0,2,1,1,0,0,1.000,-1,-11,-1,0,0.95,0.10,1,0,0%,0
206,Jumbo Diaz,31,CIN,NL,61,0,0,60.1,7,6,1,0,1,1.000,-2,-7,-1,0,1.04,0.11,4,1,20%,0
207,R.A. Dickey,40,TOR,AL,33,33,2,214.1,36,11,25,0,1,1.000,1,1,0,1,1.51,1.09,6,4,40%,3
208,Jake Diekman,28,TOT,MLB,67,0,0,58.1,12,1,10,1,1,.917,1,20,1,0,1.70,0.16,3,1,25%,1
209,Jake Diekman,28,PHI,NL,41,0,0,36.2,6,0,5,1,1,.833,0,0,0,0,1.23,0.12,3,1,25%,1
210,Jake Diekman,28,TEX,AL,26,0,0,21.2,6,1,5,0,0,1.000,1,9,1,0,2.49,0.23,0,0,,0
211,Jose Dominguez,24,TBR,AL,4,0,0,5.2,2,0,2,0,0,1.000,0,0,0,0,3.18,0.50,0,0,,0
212,Sean Doolittle,28,OAK,AL,12,0,0,13.2,1,0,1,0,1,1.000,0,0,0,0,0.66,0.08,1,0,0%,0
213,Felix Doubront,27,TOT,MLB,16,12,0,75.1,19,4,15,0,1,1.000,2,32,2,0,2.27,1.19,9,5,36%,2
214,Felix Doubront,27,TOR,AL,5,4,0,22.2,3,0,3,0,0,1.000,-1,-9,-1,0,1.19,0.60,3,1,25%,1
215,Felix Doubront,27,OAK,AL,11,8,0,52.2,16,4,12,0,1,1.000,3,11,3,0,2.73,1.45,6,4,40%,1
216,Kyle Drabek,27,CHW,AL,3,0,0,5.1,0,0,0,0,0,,-1,-38,-1,0,0.00,0.00,0,0,,0
217,Oliver Drake,28,BAL,AL,13,0,0,15.2,4,1,3,0,0,1.000,0,0,0,0,2.30,0.31,0,0,,0
218,Brian Duensing,32,MIN,AL,55,0,0,48.2,15,1,13,1,1,.933,1,4,2,-1,2.59,0.25,6,0,0%,0
219,Tyler Duffey,24,MIN,AL,10,10,0,58.0,12,7,4,1,0,.917,-3,-10,-2,0,1.71,1.10,0,0,,0
220,Danny Duffy,26,KCR,AL,30,24,0,136.2,23,2,18,3,2,.870,0,0,-1,0,1.32,0.67,5,2,29%,2
221,Zach Duke,32,CHW,AL,71,0,0,60.2,13,7,5,1,2,.923,-1,-3,0,0,1.78,0.17,3,1,25%,1
222,Ryan Dull,25,OAK,AL,13,0,0,17.0,0,0,0,0,0,,0,0,0,0,0.00,0.00,0,0,,0
223,Mike Dunn,30,MIA,NL,72,0,0,54.0,5,1,4,0,0,1.000,-1,-4,1,0,0.83,0.07,3,2,40%,1
224,Sam Dyson,27,TOT,MLB,75,0,0,75.1,18,4,11,3,1,.833,-3,-48,-2,-1,1.79,0.20,8,1,11%,0
225,Sam Dyson,27,MIA,NL,44,0,0,44.0,11,3,5,3,1,.727,-2,-9,-1,-1,1.64,0.18,7,1,13%,0
Rk,Name,Age,Tm,Lg,G,GS,CG,Inn,Ch,PO,A,E,DP,Fld%,Rdrs,Rdrs/yr,Rpm,RsbP,RF/9,RF/G,SB,CS,CS%,PO
226,Sam Dyson,27,TEX,AL,31,0,0,31.1,7,1,6,0,0,1.000,-1,-6,-1,0,2.01,0.23,1,0,0%,0
227,Carl Edwards,23,CHC,NL,5,0,0,4.2,2,1,1,0,0,1.000,0,0,0,0,3.86,0.40,0,0,,0
228,Jon Edwards,27,TOT,MLB,22,0,0,16.2,3,1,2,0,0,1.000,0,0,0,0,1.62,0.14,4,2,33%,0
229,Jon Edwards,27,TEX,AL,11,0,0,6.0,1,1,0,0,0,1.000,0,0,,0,1.50,0.09,2,0,0%,0
230,Jon Edwards,27,SDP,NL,11,0,0,10.2,2,0,2,0,0,1.000,0,0,0,0,1.69,0.18,2,2,50%,0
231,Jerad Eickhoff,24,PHI,NL,8,8,0,51.0,11,6,5,0,0,1.000,1,4,0,1,1.94,1.38,1,2,67%,0
232,Roenis Elias,26,SEA,AL,22,20,0,115.1,14,0,13,1,0,.929,1,2,2,0,1.01,0.59,5,4,44%,0
233,Brian Ellington,24,MIA,NL,23,0,0,25.0,5,0,5,0,0,1.000,1,8,1,0,1.80,0.22,4,1,20%,0
234,Jake Elmore,28,TBR,AL,1,0,0,1.0,0,0,0,0,0,,0,0,0,0,0.00,0.00,0,0,,0
235,Nathan Eovaldi,25,NYY,AL,27,27,0,154.1,30,10,20,0,2,1.000,-2,-3,-4,2,1.75,1.11,3,1,25%,4
236,Robbie Erlin,24,SDP,NL,3,3,0,17.0,3,0,2,1,0,.667,-1,-12,0,0,1.06,0.67,1,0,0%,0
237,Marco Estrada,31,TOR,AL,34,28,0,181.0,19,10,8,1,0,.947,0,0,0,0,0.90,0.53,7,5,42%,0
238,Dana Eveland,31,ATL,NL,10,0,0,3.1,1,1,0,0,0,1.000,0,0,,0,2.70,0.10,0,0,,0
239,Jeurys Familia,25,NYM,NL,76,0,0,78.0,16,5,11,0,1,1.000,1,3,1,0,1.85,0.21,2,1,33%,0
240,Buck Farmer,24,DET,AL,14,5,0,40.1,8,2,5,1,0,.875,-4,-20,-2,0,1.56,0.50,1,2,67%,0
241,Danny Farquhar,28,SEA,AL,43,0,0,51.0,14,3,11,0,0,1.000,2,8,0,0,2.47,0.33,2,0,0%,0
242,Andrew Faulkner,22,TEX,AL,11,0,0,9.2,2,1,1,0,0,1.000,0,0,0,0,1.86,0.18,0,0,,0
243,Scott Feldman,32,HOU,AL,18,18,0,108.1,32,10,20,2,2,.938,0,0,3,-1,2.49,1.67,11,2,15%,0
244,Michael Feliz,22,HOU,AL,5,0,0,8.0,0,0,0,0,0,,0,0,0,0,0.00,0.00,0,0,,0
245,Neftali Feliz,27,TOT,MLB,48,0,0,48.0,7,4,3,0,2,1.000,-2,-50,-2,0,1.31,0.15,2,3,60%,0
246,Neftali Feliz,27,TEX,AL,18,0,0,19.2,2,0,2,0,0,1.000,-1,-10,-1,0,0.92,0.11,0,1,100%,0
247,Neftali Feliz,27,DET,AL,30,0,0,28.1,5,4,1,0,2,1.000,-1,-7,-1,0,1.59,0.17,2,2,50%,0
248,Jose Fernandez,22,MIA,NL,11,11,0,64.2,4,3,1,0,0,1.000,-2,-6,-2,0,0.56,0.36,0,0,,0
249,Jeff Ferrell,24,DET,AL,9,0,0,11.1,2,1,1,0,0,1.000,0,0,0,0,1.59,0.22,0,0,,0
250,Josh Fields,29,HOU,AL,54,0,0,50.2,5,1,4,0,0,1.000,-1,-4,-1,0,0.89,0.09,3,2,40%,0
Rk,Name,Age,Tm,Lg,G,GS,CG,Inn,Ch,PO,A,E,DP,Fld%,Rdrs,Rdrs/yr,Rpm,RsbP,RF/9,RF/G,SB,CS,CS%,PO
251,Casey Fien,31,MIN,AL,62,0,0,63.1,10,5,5,0,0,1.000,0,0,0,0,1.42,0.16,5,1,17%,1
252,Mike Fiers,30,TOT,MLB,31,30,1,180.1,35,10,21,4,0,.886,5,33,4,1,1.55,1.00,12,5,29%,3
253,Mike Fiers,30,MIL,NL,21,21,0,118.0,20,5,11,4,0,.800,2,3,2,0,1.22,0.76,9,3,25%,1
254,Mike Fiers,30,HOU,AL,10,9,1,62.1,15,5,10,0,0,1.000,3,10,2,1,2.17,1.50,3,2,40%,2
255,Brandon Finnegan,22,TOT,MLB,20,4,0,48.0,6,0,6,0,1,1.000,2,50,2,0,1.12,0.30,3,1,25%,0
256,Brandon Finnegan,22,KCR,AL,14,0,0,24.1,2,0,2,0,1,1.000,1,8,1,0,0.74,0.14,2,0,0%,0
257,Brandon Finnegan,22,CIN,NL,6,4,0,23.2,4,0,4,0,0,1.000,1,8,1,0,1.52,0.67,1,1,50%,0
258,Doug Fister,31,WSN,NL,25,15,0,103.0,29,8,18,3,2,.897,3,6,0,1,2.27,1.04,1,3,75%,1
259,Yohan Flande,29,COL,NL,19,10,0,68.1,17,4,12,1,0,.941,1,3,1,0,2.11,0.84,2,1,33%,0
260,Kendry Flores,23,MIA,NL,7,1,0,12.2,2,0,2,0,0,1.000,0,0,0,0,1.42,0.29,0,1,100%,1
261,Gavin Floyd,32,CLE,AL,7,0,0,13.1,3,1,2,0,0,1.000,1,15,1,0,2.02,0.43,1,0,0%,0
262,Mike Foltynewicz,23,ATL,NL,18,15,0,86.2,8,2,5,1,1,.875,-4,-9,-3,0,0.73,0.39,6,3,33%,0
263,Jeff Francis,34,TOR,AL,14,0,0,22.0,4,1,3,0,0,1.000,0,0,0,0,1.64,0.29,1,0,0%,0
264,Jeff Francoeur,31,PHI,NL,1,0,0,2.0,1,1,0,0,0,1.000,0,0,,0,4.50,1.00,0,0,,0
265,Nick Franklin,24,TBR,AL,1,0,0,1.0,0,0,0,0,0,,0,0,0,0,0.00,0.00,0,0,,0
266,Jason Frasor,37,TOT,MLB,32,0,0,28.0,8,4,4,0,2,1.000,0,0,0,0,2.57,0.25,2,0,0%,0
267,Jason Frasor,37,KCR,AL,26,0,0,23.1,7,4,3,0,2,1.000,0,0,0,0,2.70,0.27,1,0,0%,0
268,Jason Frasor,37,ATL,NL,6,0,0,4.2,1,0,1,0,0,1.000,0,0,0,0,1.93,0.17,1,0,0%,0
269,Sam Freeman,28,TEX,AL,54,0,0,38.1,6,1,5,0,0,1.000,2,10,1,0,1.41,0.11,3,1,25%,0
270,Carlos Frias,25,LAD,NL,17,13,0,77.2,26,16,10,0,0,1.000,-1,-3,-2,1,3.01,1.53,3,3,50%,1
271,Christian Friedrich,27,COL,NL,68,0,0,58.1,7,3,4,0,0,1.000,-1,-3,-1,0,1.08,0.10,1,0,0%,0
272,Ernesto Frieri,29,TBR,AL,22,0,0,23.1,0,0,0,0,0,,-1,-9,0,-1,0.00,0.00,4,0,0%,0
273,Kyuji Fujikawa,34,TEX,AL,2,0,0,1.2,0,0,0,0,0,,0,0,,0,0.00,0.00,0,0,,0
274,Charlie Furbush,29,SEA,AL,33,0,0,21.2,6,2,3,1,0,.833,-1,-9,-1,0,2.08,0.15,2,1,33%,1
275,Yovani Gallardo,29,TEX,AL,33,33,0,184.1,39,17,21,1,2,.974,1,1,-2,2,1.86,1.15,10,7,41%,3
Rk,Name,Age,Tm,Lg,G,GS,CG,Inn,Ch,PO,A,E,DP,Fld%,Rdrs,Rdrs/yr,Rpm,RsbP,RF/9,RF/G,SB,CS,CS%,PO
276,Frank Garces,25,SDP,NL,40,1,0,38.0,3,1,2,0,0,1.000,0,0,0,0,0.71,0.08,2,1,33%,1
277,Jaime Garcia,28,STL,NL,20,20,0,129.2,34,2,30,2,1,.941,6,9,6,1,2.22,1.60,3,2,40%,2
278,Jason Garcia,22,BAL,AL,21,0,0,29.2,5,3,1,1,0,.800,-1,-7,-1,0,1.21,0.19,3,1,25%,0
279,Leury Garcia,24,CHW,AL,1,0,0,1.0,0,0,0,0,0,,0,0,,0,0.00,0.00,0,0,,0
280,Luis Garcia,28,PHI,NL,72,0,0,66.2,24,4,20,0,1,1.000,1,3,1,0,3.24,0.33,6,1,14%,1
281,Yimi Garcia,24,LAD,NL,59,1,0,56.2,9,4,5,0,1,1.000,0,0,0,0,1.43,0.15,3,1,25%,0
282,Matt Garza,31,MIL,NL,26,25,0,148.2,26,9,16,1,0,.962,-1,-1,-1,1,1.51,0.96,6,5,45%,0
283,Kevin Gausman,24,BAL,AL,25,17,0,112.1,19,5,13,1,0,.947,0,0,0,0,1.44,0.72,3,2,40%,0
284,Cory Gearrin,29,SFG,NL,7,0,0,3.2,2,0,2,0,0,1.000,1,55,1,0,4.91,0.29,0,0,,0
285,Dillon Gee,29,NYM,NL,8,7,0,39.2,16,5,10,1,2,.938,0,0,-1,0,3.40,1.88,3,1,25%,0
286,Steve Geltz,27,TBR,AL,70,2,0,67.1,6,0,6,0,1,1.000,-2,-6,-1,-1,0.80,0.09,6,2,25%,0
287,Gonzalez Germen,27,TOT,MLB,35,1,0,38.2,5,1,4,0,0,1.000,0,0,0,0,1.16,0.14,2,0,0%,0
288,Gonzalez Germen,27,CHC,NL,6,0,0,6.0,0,0,0,0,0,,0,0,0,0,0.00,0.00,0,0,,0
289,Gonzalez Germen,27,COL,NL,29,1,0,32.2,5,1,4,0,0,1.000,0,0,0,0,1.38,0.17,2,0,0%,0
290,Kyle Gibson,27,MIN,AL,32,32,1,194.2,44,16,27,1,3,.977,1,1,0,0,1.99,1.34,10,1,9%,2
291,Ken Giles,24,PHI,NL,69,0,0,70.0,6,1,4,1,0,.833,-4,-11,-3,0,0.64,0.07,2,0,0%,0
292,Sean Gilmartin,25,NYM,NL,50,1,0,57.1,7,2,5,0,1,1.000,0,0,0,0,1.10,0.14,2,2,50%,0
293,Mychal Givens,25,BAL,AL,22,0,0,30.0,9,3,6,0,1,1.000,2,13,2,0,2.70,0.41,0,0,,0
294,Zack Godley,25,ARI,NL,9,6,0,36.2,5,2,3,0,1,1.000,-2,-11,-1,0,1.23,0.56,1,0,0%,0
295,Erik Goeddel,26,NYM,NL,35,0,0,33.1,2,1,1,0,0,1.000,-2,-12,0,-1,0.54,0.06,4,0,0%,0
296,David Goforth,26,MIL,NL,20,0,0,24.2,6,1,5,0,0,1.000,-1,-8,-1,0,2.19,0.30,3,2,40%,0
297,Brandon Gomes,30,TBR,AL,63,0,0,59.0,6,0,6,0,0,1.000,-1,-3,-1,0,0.92,0.10,3,1,25%,2
298,Jonny Gomes,34,ATL,NL,1,0,0,1.0,0,0,0,0,0,,0,0,,,0.00,0.00,0,0,,0
299,Jeanmar Gomez,27,PHI,NL,65,0,0,74.2,16,4,12,0,1,1.000,-1,-3,-1,0,1.93,0.25,3,2,40%,0
300,Marco Gonzales,23,STL,NL,1,1,0,2.2,0,0,0,0,0,,0,0,,0,0.00,0.00,0,0,,0
Rk,Name,Age,Tm,Lg,G,GS,CG,Inn,Ch,PO,A,E,DP,Fld%,Rdrs,Rdrs/yr,Rpm,RsbP,RF/9,RF/G,SB,CS,CS%,PO
301,Chi Chi Gonzalez,23,TEX,AL,14,10,1,67.0,17,4,13,0,0,1.000,2,6,2,0,2.28,1.21,1,0,0%,0
302,Gio Gonzalez,29,WSN,NL,31,31,0,175.2,41,9,32,0,1,1.000,2,2,1,1,2.10,1.32,8,7,47%,1
303,Miguel Gonzalez,31,BAL,AL,26,26,0,144.2,24,10,14,0,3,1.000,-1,-1,0,0,1.49,0.92,3,1,25%,0
304,Severino Gonzalez,22,PHI,NL,7,7,0,30.2,5,3,2,0,0,1.000,-1,-7,-1,0,1.47,0.71,3,1,25%,0
305,Nick Goody,23,NYY,AL,7,0,0,5.2,2,1,1,0,0,1.000,0,0,0,0,3.18,0.29,0,0,,0
306,Tom Gorzelanny,32,DET,AL,48,0,0,39.1,6,2,4,0,0,1.000,1,5,0,0,1.37,0.13,4,1,20%,0
307,Trevor Gott,22,LAA,AL,48,0,0,47.2,12,4,8,0,0,1.000,1,4,0,0,2.27,0.25,1,2,67%,0
308,Matt Grace,26,WSN,NL,26,0,0,17.0,4,0,4,0,0,1.000,-1,-12,-1,0,2.12,0.15,1,0,0%,0
309,J.R. Graham,25,MIN,AL,39,1,0,63.2,17,6,11,0,0,1.000,-1,-3,0,-1,2.40,0.44,6,1,14%,0
310,Kendall Graveman,24,OAK,AL,21,21,1,115.2,24,11,11,2,1,.917,2,3,1,1,1.71,1.05,7,5,42%,2
311,Jon Gray,23,COL,NL,9,9,0,40.2,7,3,4,0,0,1.000,-3,-15,-3,0,1.55,0.78,5,2,29%,2
312,Sonny Gray,25,OAK,AL,31,31,3,208.0,60,37,23,0,1,1.000,2,2,2,0,2.60,1.94,7,2,22%,0
313,Shane Greene,26,DET,AL,18,16,0,83.2,16,4,10,2,2,.875,-2,-5,-2,1,1.51,0.78,3,4,57%,0
314,Nick Greenwood,27,STL,NL,1,0,0,0.0,0,0,0,0,0,,0,,,0,,0.00,0,0,,0
315,Luke Gregerson,31,HOU,AL,64,0,0,61.0,20,3,17,0,3,1.000,0,0,2,0,2.95,0.31,3,0,0%,0
316,Kevin Gregg,37,CIN,NL,11,0,0,10.2,2,1,0,1,0,.500,0,0,0,0,0.84,0.09,1,0,0%,0
317,Zack Greinke,31,LAD,NL,32,32,1,222.2,62,19,41,2,2,.968,9,8,6,2,2.43,1.88,7,6,46%,2
318,Jason Grilli,38,ATL,NL,36,0,0,33.2,5,1,3,1,0,.800,1,6,1,0,1.07,0.11,0,0,,0
319,Justin Grimm,26,CHC,NL,62,0,0,49.2,3,2,0,1,0,.667,-2,-8,-1,-1,0.36,0.03,7,0,0%,0
320,Mayckol Guaipe,24,SEA,AL,21,0,0,26.2,2,1,1,0,0,1.000,-1,-8,-1,0,0.68,0.10,1,2,67%,0
321,Deolis Guerra,26,PIT,NL,10,0,0,16.2,6,4,2,0,0,1.000,0,0,0,0,3.24,0.60,1,0,0%,0
322,Javy Guerra,29,CHW,AL,3,0,0,1.2,0,0,0,0,0,,0,0,0,0,0.00,0.00,0,0,,0
323,Junior Guerra,30,CHW,AL,3,0,0,4.0,3,1,2,0,1,1.000,0,0,0,0,6.75,1.00,1,0,0%,0
324,Preston Guilmet,27,TOT,MLB,5,0,0,7.1,1,0,1,0,0,1.000,0,0,0,0,1.23,0.20,1,0,0%,0
325,Preston Guilmet,27,TBR,AL,3,0,0,5.1,1,0,1,0,0,1.000,0,0,0,0,1.69,0.33,1,0,0%,0
Rk,Name,Age,Tm,Lg,G,GS,CG,Inn,Ch,PO,A,E,DP,Fld%,Rdrs,Rdrs/yr,Rpm,RsbP,RF/9,RF/G,SB,CS,CS%,PO
326,Preston Guilmet,27,MIL,NL,2,0,0,2.0,0,0,0,0,0,,0,0,0,0,0.00,0.00,0,0,,0
327,Jason Gurka,27,COL,NL,9,0,0,7.2,1,0,1,0,0,1.000,0,0,0,0,1.17,0.11,0,0,,0
328,Jeremy Guthrie,36,KCR,AL,30,24,0,148.1,41,13,27,1,0,.976,3,4,-1,3,2.43,1.33,5,6,55%,3
329,Nick Hagadone,29,CLE,AL,36,0,0,27.1,4,1,3,0,0,1.000,1,7,1,0,1.32,0.11,0,1,100%,1
330,Jesse Hahn,25,OAK,AL,16,16,1,96.2,24,10,13,1,1,.958,2,4,1,1,2.14,1.44,2,4,67%,1
331,David Hale,27,COL,NL,17,12,0,78.1,12,5,7,0,1,1.000,-3,-8,-2,-1,1.38,0.71,8,0,0%,0
332,Cody Hall,27,SFG,NL,7,0,0,8.1,0,0,0,0,0,,0,0,0,0,0.00,0.00,0,0,,0
333,Cole Hamels,31,TOT,MLB,32,32,2,212.1,37,10,25,2,1,.946,-3,-16,1,-3,1.48,1.09,24,3,11%,2
334,Cole Hamels,31,PHI,NL,20,20,1,128.2,27,5,20,2,0,.926,-3,-5,0,-2,1.75,1.25,16,2,11%,1
335,Cole Hamels,31,TEX,AL,12,12,1,83.2,10,5,5,0,1,1.000,0,0,1,-1,1.08,0.83,8,1,11%,1
336,Jason Hammel,32,CHC,NL,31,31,0,170.2,33,8,23,2,1,.939,-2,-2,-2,-1,1.63,1.00,15,3,17%,1
337,Brad Hand,25,MIA,NL,38,12,0,93.1,20,2,18,0,1,1.000,2,4,2,0,1.93,0.53,5,2,29%,0
338,Donovan Hand,29,CIN,NL,1,0,0,3.0,0,0,0,0,0,,0,0,,0,0.00,0.00,1,0,0%,0
339,J.A. Happ,32,TOT,MLB,32,31,0,172.0,27,4,21,2,0,.926,-1,-6,-1,1,1.31,0.78,8,7,47%,1
340,J.A. Happ,32,SEA,AL,21,20,0,108.2,16,2,12,2,0,.875,-1,-2,-2,1,1.16,0.67,5,5,50%,1
341,J.A. Happ,32,PIT,NL,11,11,0,63.1,11,2,9,0,0,1.000,0,0,1,0,1.56,1.00,3,2,40%,0
342,Aaron Harang,37,PHI,NL,29,29,0,172.1,23,6,15,2,0,.913,-4,-5,-3,1,1.10,0.72,4,4,50%,0
343,Blaine Hardy,28,DET,AL,70,0,0,61.1,9,2,7,0,0,1.000,-1,-3,-1,0,1.32,0.13,1,0,0%,0
344,Dan Haren,34,TOT,MLB,32,32,0,187.1,18,9,9,0,0,1.000,-3,-19,-3,0,0.86,0.56,6,2,25%,0
345,Dan Haren,34,MIA,NL,21,21,0,129.0,13,7,6,0,0,1.000,-1,-2,-1,0,0.91,0.62,3,1,25%,0
346,Dan Haren,34,CHC,NL,11,11,0,58.1,5,2,3,0,0,1.000,-2,-7,-2,0,0.77,0.45,3,1,25%,0
347,Mitch Harris,29,STL,NL,26,0,0,27.0,4,1,3,0,0,1.000,0,0,0,0,1.33,0.15,2,0,0%,1
348,Will Harris,30,HOU,AL,68,0,0,71.0,14,3,11,0,1,1.000,2,6,3,-1,1.77,0.21,7,0,0%,0
349,Matt Harrison,29,TEX,AL,3,3,0,16.0,2,1,1,0,0,1.000,-1,-12,-1,0,1.12,0.67,0,0,,0
350,Matt Harvey,26,NYM,NL,29,29,0,189.1,27,6,19,2,1,.926,-1,-1,1,-1,1.19,0.86,11,3,21%,0
Rk,Name,Age,Tm,Lg,G,GS,CG,Inn,Ch,PO,A,E,DP,Fld%,Rdrs,Rdrs/yr,Rpm,RsbP,RF/9,RF/G,SB,CS,CS%,PO
351,Chris Hatcher,30,LAD,NL,49,0,0,39.0,4,3,1,0,0,1.000,-2,-10,-2,0,0.92,0.08,3,0,0%,0
352,Marcus Hatley,27,STL,NL,2,0,0,1.1,0,0,0,0,0,,0,0,0,,0.00,0.00,0,0,,0
353,LaTroy Hawkins,42,TOT,MLB,42,0,0,38.2,10,2,8,0,1,1.000,3,93,2,1,2.33,0.24,2,2,50%,0
354,LaTroy Hawkins,42,COL,NL,24,0,0,22.1,7,2,5,0,1,1.000,2,18,1,1,2.82,0.29,0,2,100%,0
355,LaTroy Hawkins,42,TOR,AL,18,0,0,16.1,3,0,3,0,0,1.000,1,12,1,0,1.65,0.17,2,0,0%,0
356,Andrew Heaney,24,LAA,AL,18,18,0,105.2,11,3,8,0,1,1.000,0,0,0,0,0.94,0.61,3,0,0%,0
357,Jeremy Hellickson,28,ARI,NL,27,27,0,146.0,32,11,19,2,0,.938,1,1,3,-1,1.85,1.11,8,1,11%,0
358,Heath Hembree,26,BOS,AL,22,0,0,25.1,1,0,1,0,0,1.000,0,0,0,0,0.36,0.05,2,2,50%,0
359,Kyle Hendricks,25,CHC,NL,32,32,1,180.0,46,17,29,0,2,1.000,3,3,1,1,2.30,1.44,13,5,28%,4
360,Liam Hendriks,26,TOR,AL,58,0,0,64.2,8,4,4,0,0,1.000,-2,-6,-2,0,1.11,0.14,6,2,25%,1
361,David Hernandez,30,ARI,NL,40,0,0,33.2,6,3,2,1,0,.833,-1,-6,-1,0,1.34,0.13,2,0,0%,1
362,Felix Hernandez,29,SEA,AL,31,31,2,201.2,41,13,26,2,2,.951,2,2,0,0,1.74,1.26,13,5,28%,0
363,Roberto Hernandez,34,HOU,AL,20,11,0,84.2,18,6,12,0,0,1.000,-1,-2,1,-1,1.91,0.90,10,3,23%,0
364,Kelvin Herrera,25,KCR,AL,72,0,0,69.2,11,5,6,0,0,1.000,-2,-6,-1,-1,1.42,0.15,7,2,22%,0
365,Keith Hessler,26,ARI,NL,18,0,0,12.1,3,1,2,0,0,1.000,1,16,1,0,2.19,0.17,0,0,,0
366,Chris Heston,27,SFG,NL,31,31,2,177.2,40,12,24,4,3,.900,4,5,4,1,1.82,1.16,5,6,55%,0
367,Rich Hill,35,BOS,AL,4,4,1,29.0,4,1,2,1,0,.750,0,0,0,0,0.93,0.75,1,0,0%,0
368,Taylor Hill,26,WSN,NL,6,0,0,12.0,2,1,1,0,0,1.000,0,0,0,0,1.50,0.33,2,0,0%,0
369,Dalier Hinojosa,29,TOT,MLB,19,0,0,24.2,1,1,0,0,0,1.000,-2,-97,-2,0,0.36,0.05,1,0,0%,0
370,Dalier Hinojosa,29,BOS,AL,1,0,0,1.2,0,0,0,0,0,,0,0,,0,0.00,0.00,1,0,0%,0
371,Dalier Hinojosa,29,PHI,NL,18,0,0,23.0,1,1,0,0,0,1.000,-2,-17,-2,0,0.39,0.06,0,0,,0
372,Luke Hochevar,31,KCR,AL,49,0,0,50.2,11,4,7,0,2,1.000,1,4,1,0,1.95,0.22,3,1,25%,0
373,Derek Holland,28,TEX,AL,10,10,1,58.2,10,1,8,1,1,.900,1,3,0,1,1.38,0.90,1,2,67%,2
374,Greg Holland,29,KCR,AL,48,0,0,44.2,10,1,9,0,1,1.000,3,13,1,1,2.01,0.21,0,2,100%,0
375,David Holmberg,23,CIN,NL,6,6,0,28.1,3,1,2,0,0,1.000,-1,-7,-1,0,0.95,0.50,2,0,0%,0
Rk,Name,Age,Tm,Lg,G,GS,CG,Inn,Ch,PO,A,E,DP,Fld%,Rdrs,Rdrs/yr,Rpm,RsbP,RF/9,RF/G,SB,CS,CS%,PO
376,J.J. Hoover,27,CIN,NL,67,0,0,64.1,12,3,8,1,0,.917,-1,-3,-1,0,1.54,0.16,1,1,50%,0
377,T.J. House,25,CLE,AL,4,4,0,13.0,1,0,1,0,0,1.000,-1,-15,0,-1,0.69,0.25,4,0,0%,0
378,Adrian Houser,22,MIL,NL,2,0,0,2.0,3,1,2,0,1,1.000,1,100,1,0,13.50,1.50,0,0,,0
379,J.P. Howell,32,LAD,NL,65,0,0,44.0,18,7,11,0,2,1.000,0,0,1,-1,3.68,0.28,7,1,13%,0
380,Daniel Hudson,28,ARI,NL,64,1,0,67.2,13,5,7,1,0,.923,1,3,1,0,1.60,0.19,7,3,30%,0
381,Tim Hudson,39,SFG,NL,24,22,0,123.2,22,7,15,0,4,1.000,-1,-2,-3,1,1.60,0.92,3,4,57%,1
382,David Huff,30,LAD,NL,3,1,0,6.0,3,0,3,0,0,1.000,0,0,0,0,4.50,1.00,0,0,,0
383,Jared Hughes,29,PIT,NL,76,0,0,67.0,20,4,15,1,0,.950,-2,-6,0,0,2.55,0.25,9,5,36%,0
384,Phil Hughes,29,MIN,AL,27,25,1,155.1,22,5,17,0,0,1.000,0,0,0,0,1.27,0.81,7,2,22%,0
385,Tommy Hunter,28,TOT,MLB,58,0,0,60.1,16,9,7,0,1,1.000,1,20,1,-1,2.39,0.28,10,2,17%,0
386,Tommy Hunter,28,BAL,AL,39,0,0,44.2,12,7,5,0,1,1.000,0,0,0,-1,2.42,0.31,7,2,22%,0
387,Tommy Hunter,28,CHC,NL,19,0,0,15.2,4,2,2,0,0,1.000,1,13,1,0,2.30,0.21,3,0,0%,0
388,Drew Hutchison,24,TOR,AL,30,28,1,150.1,21,6,15,0,3,1.000,0,0,0,0,1.26,0.70,14,8,36%,1
389,Colt Hynes,30,TOR,AL,5,0,0,3.0,0,0,0,0,0,,0,0,0,0,0.00,0.00,0,0,,0
390,Edgar Ibarra,26,LAA,AL,2,0,0,4.0,0,0,0,0,0,,0,0,,0,0.00,0.00,0,0,,0
391,Raisel Iglesias,25,CIN,NL,18,16,0,95.1,28,12,14,2,1,.929,2,4,2,0,2.45,1.44,3,1,25%,0
392,Hisashi Iwakuma,34,SEA,AL,20,20,1,129.2,27,6,21,0,1,1.000,4,6,3,0,1.87,1.35,1,2,67%,0
393,Edwin Jackson,31,TOT,MLB,47,0,0,55.2,9,2,6,1,0,.889,0,0,1,0,1.29,0.17,4,1,20%,0
394,Edwin Jackson,31,CHC,NL,23,0,0,31.0,7,2,4,1,0,.857,0,0,1,0,1.74,0.26,4,1,20%,0
395,Edwin Jackson,31,ATL,NL,24,0,0,24.2,2,0,2,0,0,1.000,0,0,0,0,0.73,0.08,0,0,,0
396,Jay Jackson,27,SDP,NL,6,0,0,4.1,0,0,0,0,0,,0,0,0,0,0.00,0.00,0,0,,0
397,Luke Jackson,23,TEX,AL,7,0,0,6.1,0,0,0,0,0,,0,0,0,0,0.00,0.00,0,0,,0
398,Juan Jaime,27,ATL,NL,2,0,0,1.1,1,0,1,0,0,1.000,0,0,,0,6.75,0.50,1,0,0%,0
399,Kenley Jansen,27,LAD,NL,54,0,0,52.1,3,0,2,1,0,.667,-2,-8,-1,-1,0.34,0.04,5,0,0%,0
400,Casey Janssen,33,WSN,NL,48,0,0,40.0,10,4,6,0,0,1.000,1,5,1,0,2.25,0.21,0,1,100%,0
Rk,Name,Age,Tm,Lg,G,GS,CG,Inn,Ch,PO,A,E,DP,Fld%,Rdrs,Rdrs/yr,Rpm,RsbP,RF/9,RF/G,SB,CS,CS%,PO
401,Jeremy Jeffress,27,MIL,NL,72,0,0,68.0,14,4,8,2,0,.857,-2,-6,-1,0,1.59,0.17,2,0,0%,1
402,Chad Jenkins,27,TOR,AL,2,0,0,3.2,0,0,0,0,0,,0,0,0,0,0.00,0.00,0,0,,0
403,Dan Jennings,28,CHW,AL,53,0,0,56.1,16,5,9,2,1,.875,-1,-4,-1,0,2.24,0.26,1,0,0%,0
404,Kevin Jepsen,30,TOT,MLB,75,0,0,69.2,15,5,8,2,1,.867,1,17,1,0,1.68,0.17,4,2,33%,0
405,Kevin Jepsen,30,TBR,AL,46,0,0,41.2,6,2,3,1,1,.833,0,0,0,0,1.08,0.11,3,2,40%,0
406,Kevin Jepsen,30,MIN,AL,29,0,0,28.0,9,3,5,1,0,.889,1,7,1,0,2.57,0.28,1,0,0%,0
407,Cesar Jimenez,30,TOT,MLB,19,0,0,23.0,4,1,3,0,0,1.000,0,0,0,0,1.57,0.21,3,0,0%,0
408,Cesar Jimenez,30,PHI,NL,3,0,0,3.1,0,0,0,0,0,,0,0,0,0,0.00,0.00,0,0,,0
409,Cesar Jimenez,30,MIL,NL,16,0,0,19.2,4,1,3,0,0,1.000,0,0,0,0,1.83,0.25,3,0,0%,0
410,Ubaldo Jimenez,31,BAL,AL,32,32,0,184.0,23,7,15,1,1,.957,-4,-4,-1,-3,1.08,0.69,22,3,12%,0
411,Brian Johnson,24,BOS,AL,1,1,0,4.1,0,0,0,0,0,,0,0,,0,0.00,0.00,2,0,0%,0
412,Erik Johnson,25,CHW,AL,6,6,0,35.0,4,2,2,0,0,1.000,1,6,0,1,1.03,0.67,1,3,75%,1
413,Jim Johnson,32,TOT,MLB,72,0,0,66.2,11,4,6,1,0,.909,-3,-54,-2,-1,1.35,0.14,7,0,0%,0
414,Jim Johnson,32,ATL,NL,49,0,0,48.0,6,3,2,1,0,.833,-3,-12,-2,-1,0.94,0.10,6,0,0%,0
415,Jim Johnson,32,LAD,NL,23,0,0,18.2,5,1,4,0,0,1.000,0,0,0,0,2.41,0.22,1,0,0%,0
416,Steve Johnson,27,BAL,AL,6,0,0,5.1,0,0,0,0,0,,0,0,0,0,0.00,0.00,0,0,,0
417,Garrett Jones,34,NYY,AL,1,0,0,0.2,0,0,0,0,0,,0,0,,0,0.00,0.00,0,0,,0
418,Nate Jones,29,CHW,AL,19,0,0,19.0,4,1,3,0,0,1.000,0,0,0,0,1.89,0.21,0,1,100%,0
419,Taylor Jordan,26,WSN,NL,4,1,0,17.0,5,1,4,0,0,1.000,1,12,1,0,2.65,1.25,0,0,,0
420,Taylor Jungmann,25,MIL,NL,21,21,1,119.1,28,11,16,1,1,.964,0,0,1,-1,2.04,1.29,18,6,25%,2
421,Tommy Kahnle,25,COL,NL,36,0,0,33.1,4,3,1,0,0,1.000,-1,-6,0,0,1.08,0.11,1,0,0%,0
422,Nate Karns,27,TBR,AL,27,26,0,147.0,19,5,13,1,0,.947,-2,-3,0,-2,1.10,0.67,17,5,23%,0
423,Scott Kazmir,31,TOT,MLB,31,31,0,183.0,28,4,17,7,1,.750,-3,-19,-1,0,1.03,0.68,9,0,0%,1
424,Scott Kazmir,31,OAK,AL,18,18,0,109.2,15,1,12,2,0,.867,-1,-2,0,0,1.07,0.72,6,0,0%,1
425,Scott Kazmir,31,HOU,AL,13,13,0,73.1,13,3,5,5,1,.615,-2,-5,-1,0,0.98,0.62,3,0,0%,0
Rk,Name,Age,Tm,Lg,G,GS,CG,Inn,Ch,PO,A,E,DP,Fld%,Rdrs,Rdrs/yr,Rpm,RsbP,RF/9,RF/G,SB,CS,CS%,PO
426,Keone Kela,22,TEX,AL,68,0,0,60.1,8,2,6,0,0,1.000,-2,-7,0,-1,1.19,0.12,9,1,10%,0
427,Shawn Kelley,31,SDP,NL,53,0,0,51.1,4,3,0,1,0,.750,-1,-4,-1,1,0.53,0.06,1,3,75%,0
428,Casey Kelly,25,SDP,NL,3,2,0,11.1,2,0,2,0,0,1.000,0,0,0,0,1.59,0.67,0,0,,0
429,Joe Kelly,27,BOS,AL,25,25,0,134.1,47,20,23,4,1,.915,6,9,5,1,2.88,1.72,7,3,30%,2
430,Ryan Kelly,27,ATL,NL,17,0,0,16.2,3,1,2,0,0,1.000,0,0,0,0,1.62,0.18,1,0,0%,0
431,Kyle Kendrick,30,COL,NL,27,27,0,142.1,30,10,18,2,2,.933,1,1,0,1,1.77,1.04,7,6,46%,1
432,Ian Kennedy,30,SDP,NL,30,30,0,168.1,20,8,12,0,2,1.000,-1,-1,-1,0,1.07,0.67,10,5,33%,0
433,Logan Kensing,32,SEA,AL,19,0,0,15.1,2,0,2,0,0,1.000,1,13,1,0,1.17,0.11,0,0,,0
434,Clayton Kershaw,27,LAD,NL,33,33,4,232.2,54,8,45,1,1,.981,5,4,0,4,2.05,1.61,7,9,56%,9
435,Dallas Keuchel,27,HOU,AL,33,33,3,232.0,72,18,53,1,1,.986,13,11,12,0,2.75,2.15,5,0,0%,0
436,Craig Kimbrel,27,SDP,NL,61,0,0,59.1,8,4,3,1,1,.875,-2,-7,-1,-1,1.06,0.11,8,1,11%,0
437,Brandon Kintzler,30,MIL,NL,7,0,0,7.0,4,1,3,0,0,1.000,0,0,0,0,5.14,0.57,0,0,,0
438,Phil Klein,26,TEX,AL,11,2,0,17.1,1,0,1,0,0,1.000,-2,-23,-1,-1,0.52,0.09,4,0,0%,0
439,Corey Kluber,29,CLE,AL,32,32,4,222.0,41,16,25,0,2,1.000,1,1,2,-1,1.66,1.28,16,7,30%,0
440,Corey Knebel,23,MIL,NL,48,0,0,50.1,11,3,8,0,0,1.000,2,8,2,0,1.97,0.23,3,1,25%,0
441,Guido Knudson,25,DET,AL,4,0,0,5.0,0,0,0,0,0,,0,0,0,0,0.00,0.00,0,0,,0
442,Tom Koehler,29,MIA,NL,32,31,0,187.1,39,14,20,5,2,.872,-2,-2,-2,1,1.63,1.06,8,4,33%,1
443,Michael Kohn,29,ATL,NL,6,0,0,4.2,0,0,0,0,0,,0,0,,0,0.00,0.00,0,0,,0
444,George Kontos,30,SFG,NL,73,0,0,73.1,11,4,7,0,1,1.000,0,0,1,-1,1.35,0.15,7,2,22%,0
445,Ian Krol,24,DET,AL,33,0,0,28.0,5,0,4,1,1,.800,0,0,0,0,1.29,0.12,0,0,,0
446,John Lackey,36,STL,NL,33,33,1,218.0,37,20,15,2,3,.946,-7,-6,-7,0,1.44,1.06,9,3,25%,0
447,Aaron Laffey,30,COL,NL,3,0,0,7.1,1,0,1,0,0,1.000,0,0,0,0,1.23,0.33,0,1,100%,0
448,Bobby LaFromboise,29,PIT,NL,11,0,0,8.0,0,0,0,0,0,,0,0,,0,0.00,0.00,1,0,0%,0
449,John Lamb,24,CIN,NL,10,10,0,49.2,3,0,3,0,0,1.000,-1,-4,-1,0,0.54,0.30,3,1,25%,0
450,Adam LaRoche,35,CHW,AL,1,0,0,1.0,0,0,0,0,0,,0,0,,,0.00,0.00,0,0,,0
Rk,Name,Age,Tm,Lg,G,GS,CG,Inn,Ch,PO,A,E,DP,Fld%,Rdrs,Rdrs/yr,Rpm,RsbP,RF/9,RF/G,SB,CS,CS%,PO
451,Mat Latos,27,TOT,MLB,24,21,0,116.1,27,12,14,1,1,.963,-1,-10,1,-2,2.01,1.08,16,5,24%,0
452,Mat Latos,27,TOT,MLB,22,21,0,112.2,25,11,13,1,1,.960,-1,-10,1,-2,1.92,1.09,15,5,25%,0
453,Mat Latos,27,MIA,NL,16,16,0,88.1,18,8,10,0,1,1.000,0,0,1,-1,1.83,1.13,9,3,25%,0
454,Mat Latos,27,LAD,NL,6,5,0,24.1,7,3,3,1,0,.857,-1,-8,0,-1,2.22,1.00,6,2,25%,0
455,Mat Latos,27,LAA,AL,2,0,0,3.2,2,1,1,0,0,1.000,0,0,0,0,4.91,1.00,1,0,0%,0
456,Tommy Layne,30,BOS,AL,64,0,0,47.2,12,5,7,0,0,1.000,0,0,1,0,2.27,0.19,4,2,33%,1
457,Raudel Lazo,26,MIA,NL,7,0,0,5.2,0,0,0,0,0,,0,0,0,0,0.00,0.00,0,0,,0
458,Mike Leake,27,TOT,MLB,30,30,2,192.0,52,19,32,1,2,.981,6,37,4,0,2.39,1.70,3,3,50%,0
459,Mike Leake,27,CIN,NL,21,21,1,136.2,42,17,24,1,1,.976,5,7,3,0,2.70,1.95,2,2,50%,0
460,Mike Leake,27,SFG,NL,9,9,1,55.1,10,2,8,0,1,1.000,1,4,1,0,1.63,1.11,1,1,50%,0
461,Jack Leathersich,24,NYM,NL,17,0,0,11.2,2,0,2,0,0,1.000,-1,-17,0,-1,1.54,0.12,4,1,20%,0
462,Sam LeCure,31,CIN,NL,19,0,0,20.0,4,2,2,0,0,1.000,0,0,0,0,1.80,0.21,2,1,33%,1
463,C.C. Lee,28,CLE,AL,2,0,0,1.2,0,0,0,0,0,,0,0,0,0,0.00,0.00,0,0,,0
464,Zach Lee,23,LAD,NL,1,1,0,4.2,0,0,0,0,0,,0,0,0,0,0.00,0.00,0,0,,0
465,Arnold Leon,26,OAK,AL,19,0,0,26.2,5,4,1,0,0,1.000,-2,-15,-2,0,1.69,0.26,2,0,0%,0
466,Dominic Leone,23,TOT,MLB,13,0,0,15.0,2,1,1,0,0,1.000,0,0,0,0,1.20,0.15,0,0,,0
467,Dominic Leone,23,SEA,AL,10,0,0,11.1,2,1,1,0,0,1.000,0,0,0,0,1.59,0.20,0,0,,0
468,Dominic Leone,23,ARI,NL,3,0,0,3.2,0,0,0,0,0,,0,0,0,0,0.00,0.00,0,0,,0
469,Jon Lester,31,CHC,NL,32,32,1,205.0,30,10,17,3,1,.900,-8,-8,-2,-5,1.19,0.84,44,11,20%,2
470,Colby Lewis,35,TEX,AL,33,33,2,204.2,19,8,10,1,0,.947,-4,-4,-3,-1,0.79,0.55,12,3,20%,0
471,Adam Liberatore,28,LAD,NL,39,0,0,29.2,5,1,4,0,0,1.000,0,0,0,0,1.52,0.13,3,0,0%,0
472,Tim Lincecum,31,SFG,NL,15,15,0,76.1,10,3,7,0,0,1.000,-2,-5,0,-2,1.18,0.67,13,1,7%,0
473,Jacob Lindgren,22,NYY,AL,7,0,0,7.0,2,0,1,1,0,.500,0,0,0,0,1.29,0.14,0,0,,0
474,Francisco Liriano,31,PIT,NL,31,31,0,186.2,30,5,24,1,1,.967,3,3,4,-1,1.40,0.94,11,2,15%,1
475,Radhames Liz,31,PIT,NL,14,0,0,23.1,4,2,2,0,0,1.000,0,0,0,0,1.54,0.29,1,1,50%,0
Rk,Name,Age,Tm,Lg,G,GS,CG,Inn,Ch,PO,A,E,DP,Fld%,Rdrs,Rdrs/yr,Rpm,RsbP,RF/9,RF/G,SB,CS,CS%,PO
476,Kyle Lobstein,25,DET,AL,13,11,0,63.2,13,3,10,0,0,1.000,-1,-3,-1,1,1.84,1.00,3,2,40%,2
477,Jeff Locke,27,PIT,NL,30,30,0,168.1,32,7,25,0,1,1.000,-4,-5,-3,0,1.71,1.07,14,7,33%,4
478,Adam Loewen,31,PHI,NL,20,0,0,19.1,6,1,4,1,0,.833,0,0,0,0,2.33,0.25,2,2,50%,1
479,Boone Logan,30,COL,NL,60,0,0,35.1,6,0,6,0,0,1.000,1,6,0,0,1.53,0.10,0,0,,0
480,Kyle Lohse,36,MIL,NL,37,22,0,152.1,35,8,26,1,0,.971,3,4,3,1,2.01,0.92,6,6,50%,0
481,Javier Lopez,37,SFG,NL,77,0,0,39.1,16,4,12,0,2,1.000,2,10,2,0,3.66,0.21,0,0,,0
482,Jorge Lopez,22,MIL,NL,2,2,0,10.0,1,0,1,0,0,1.000,0,0,0,0,0.90,0.50,1,1,50%,0
483,Michael Lorenzen,23,CIN,NL,27,21,0,113.1,24,13,11,0,3,1.000,0,0,0,0,1.91,0.89,8,5,38%,1
484,Aaron Loup,27,TOR,AL,60,0,0,42.1,4,0,4,0,0,1.000,0,0,0,0,0.85,0.07,1,0,0%,0
485,Mark Lowe,32,TOT,MLB,57,0,0,55.0,5,2,3,0,0,1.000,1,21,1,0,0.82,0.09,1,3,75%,0
486,Mark Lowe,32,SEA,AL,34,0,0,36.0,3,1,2,0,0,1.000,1,6,1,0,0.75,0.09,1,2,67%,0
487,Mark Lowe,32,TOR,AL,23,0,0,19.0,2,1,1,0,0,1.000,0,0,0,0,0.95,0.09,0,1,100%,0
488,Lucas Luetge,28,SEA,AL,1,0,0,2.1,2,0,2,0,0,1.000,0,0,0,0,7.71,2.00,0,1,100%,1
489,Jordan Lyles,24,COL,NL,10,10,0,49.0,11,2,8,1,0,.909,-1,-4,0,0,1.84,1.00,6,2,25%,1
490,Lance Lynn,28,STL,NL,31,31,0,175.1,28,12,14,2,1,.929,-3,-3,-4,1,1.33,0.84,4,1,20%,4
491,Tyler Lyons,27,STL,NL,17,8,0,60.0,13,1,9,3,0,.769,0,0,1,-1,1.50,0.59,4,0,0%,0
492,Jean Machi,33,TOT,MLB,59,0,0,58.0,14,4,10,0,0,1.000,1,20,0,0,2.17,0.24,3,1,25%,0
493,Jean Machi,33,SFG,NL,33,0,0,35.0,9,2,7,0,0,1.000,1,6,0,0,2.31,0.27,2,1,33%,0
494,Jean Machi,33,BOS,AL,26,0,0,23.0,5,2,3,0,0,1.000,0,0,0,0,1.96,0.19,1,0,0%,0
495,Ryan Madson,34,KCR,AL,68,0,0,63.1,19,6,13,0,4,1.000,3,9,2,0,2.70,0.28,1,1,50%,0
496,Seth Maness,26,STL,NL,76,0,0,63.1,16,5,11,0,1,1.000,0,0,0,0,2.27,0.21,1,0,0%,0
497,Jeff Manship,30,CLE,AL,32,0,0,39.1,6,2,4,0,0,1.000,1,5,1,0,1.37,0.19,0,0,,0
498,Shaun Marcum,33,CLE,AL,7,6,0,35.0,5,3,2,0,0,1.000,1,6,0,1,1.29,0.71,0,2,100%,0
499,Sugar Ray Marimon,26,ATL,NL,16,0,0,25.2,1,0,1,0,0,1.000,0,0,0,0,0.35,0.06,2,1,33%,0
500,Michael Mariot,26,KCR,AL,2,0,0,3.0,0,0,0,0,0,,0,0,,0,0.00,0.00,0,0,,0
Rk,Name,Age,Tm,Lg,G,GS,CG,Inn,Ch,PO,A,E,DP,Fld%,Rdrs,Rdrs/yr,Rpm,RsbP,RF/9,RF/G,SB,CS,CS%,PO
501,Matt Marksberry,24,ATL,NL,31,0,0,23.1,4,1,2,1,0,.750,-1,-9,-1,0,1.16,0.10,2,1,33%,1
502,Jason Marquis,36,CIN,NL,9,9,0,47.1,9,4,5,0,0,1.000,0,0,0,0,1.71,1.00,6,3,33%,0
503,Evan Marshall,25,ARI,NL,13,0,0,13.1,2,1,1,0,0,1.000,0,0,0,0,1.35,0.15,0,0,,0
504,Chris Martin,29,NYY,AL,24,0,0,20.2,5,3,2,0,0,1.000,-1,-10,-1,0,2.18,0.21,2,0,0%,0
505,Cody Martin,25,TOT,MLB,25,2,0,30.2,4,2,2,0,0,1.000,-1,-39,-1,0,1.17,0.16,1,0,0%,0
506,Cody Martin,25,ATL,NL,21,0,0,21.2,2,1,1,0,0,1.000,-1,-9,-1,0,0.83,0.10,1,0,0%,0
507,Cody Martin,25,OAK,AL,4,2,0,9.0,2,1,1,0,0,1.000,0,0,0,0,2.00,0.50,0,0,,0
508,Rafael Martin,31,WSN,NL,13,0,0,12.1,0,0,0,0,0,,0,0,0,0,0.00,0.00,1,0,0%,0
509,Carlos Martinez,23,STL,NL,31,29,0,179.2,46,18,26,2,3,.957,-1,-1,-1,2,2.20,1.42,2,5,71%,2
510,Nick Martinez,24,TEX,AL,24,21,0,125.0,23,6,13,4,2,.826,1,2,1,0,1.37,0.79,7,2,22%,1
511,Nick Masset,33,TOT,MLB,28,0,0,25.0,1,1,0,0,0,1.000,0,0,0,0,0.36,0.04,2,1,33%,0
512,Nick Masset,33,MIA,NL,8,0,0,9.2,1,1,0,0,0,1.000,0,0,0,0,0.93,0.13,0,1,100%,0
513,Nick Masset,33,ATL,NL,20,0,0,15.1,0,0,0,0,0,,0,0,0,0,0.00,0.00,2,0,0%,0
514,Justin Masterson,30,BOS,AL,18,9,0,59.1,15,6,8,1,1,.933,1,3,0,1,2.12,0.78,2,5,71%,0
515,Marcos Mateo,31,SDP,NL,26,0,0,27.0,3,1,2,0,0,1.000,-1,-7,-1,0,1.00,0.12,2,0,0%,0
516,Ryan Mattheus,31,TOT,MLB,58,0,0,56.0,15,3,8,4,0,.733,-6,-128,-1,-2,1.77,0.19,10,0,0%,0
517,Ryan Mattheus,31,LAA,AL,1,0,0,1.0,0,0,0,0,0,,0,0,,0,0.00,0.00,0,0,,0
518,Ryan Mattheus,31,CIN,NL,57,0,0,55.0,15,3,8,4,0,.733,-6,-22,-1,-2,1.80,0.19,10,0,0%,0
519,Brian Matusz,28,BAL,AL,58,0,0,49.0,4,0,4,0,0,1.000,-1,-4,-2,1,0.73,0.07,0,1,100%,1
520,Steven Matz,24,NYM,NL,6,6,0,35.2,6,0,6,0,1,1.000,1,6,1,0,1.51,1.00,3,0,0%,0
521,Tyler Matzek,24,COL,NL,5,5,0,22.0,5,1,4,0,1,1.000,0,0,0,-1,2.05,1.00,6,1,14%,0
522,Brandon Maurer,24,SDP,NL,53,0,0,51.0,4,0,3,1,0,.750,-2,-8,-2,0,0.53,0.06,4,2,33%,0
523,Trevor May,25,MIN,AL,48,16,0,114.2,18,5,11,2,0,.889,-5,-9,-4,-1,1.26,0.33,10,2,17%,0
524,Vin Mazzaro,28,MIA,NL,10,0,0,12.0,0,0,0,0,0,,0,0,0,0,0.00,0.00,1,0,0%,0
525,Cory Mazzoni,25,SDP,NL,8,0,0,8.2,0,0,0,0,0,,-1,-23,-1,0,0.00,0.00,1,0,0%,0
Rk,Name,Age,Tm,Lg,G,GS,CG,Inn,Ch,PO,A,E,DP,Fld%,Rdrs,Rdrs/yr,Rpm,RsbP,RF/9,RF/G,SB,CS,CS%,PO
526,Zach McAllister,27,CLE,AL,61,1,0,69.0,7,2,3,2,0,.714,-5,-14,-4,0,0.65,0.08,4,3,43%,0
527,Brandon McCarthy,31,LAD,NL,4,4,0,23.0,4,1,3,0,1,1.000,1,9,1,0,1.57,1.00,1,1,50%,0
528,Lance McCullers,21,HOU,AL,22,22,1,125.2,23,11,11,1,1,.957,1,2,2,0,1.58,1.00,3,1,25%,0
529,T.J. McFarland,26,BAL,AL,30,0,0,40.1,6,0,6,0,0,1.000,-1,-5,-1,0,1.34,0.20,0,0,,0
530,Jake McGee,28,TBR,AL,39,0,0,37.1,2,0,2,0,0,1.000,0,0,0,0,0.48,0.05,0,0,,0
531,Scott McGough,25,MIA,NL,6,0,0,6.2,1,0,1,0,0,1.000,0,0,-1,0,1.35,0.17,1,0,0%,0
532,Dustin McGowan,33,PHI,NL,14,1,0,23.1,6,1,5,0,1,1.000,0,0,0,0,2.31,0.43,1,1,50%,0
533,Collin McHugh,28,HOU,AL,32,32,0,203.2,45,13,31,1,1,.978,3,3,2,0,1.94,1.38,10,4,29%,1
534,Andrew McKirahan,25,ATL,NL,27,0,0,27.1,3,0,3,0,1,1.000,0,0,-1,0,0.99,0.11,2,0,0%,0
535,Yoervis Medina,26,TOT,MLB,17,0,0,21.0,6,3,2,1,0,.833,0,0,0,0,2.14,0.29,2,1,33%,0
536,Yoervis Medina,26,SEA,AL,12,0,0,12.0,2,1,0,1,0,.500,0,0,0,0,0.75,0.08,2,1,33%,0
537,Yoervis Medina,26,CHC,NL,5,0,0,9.0,4,2,2,0,0,1.000,0,0,0,0,4.00,0.80,0,0,,0
538,Kris Medlen,29,KCR,AL,15,8,0,58.1,11,4,7,0,0,1.000,0,0,-1,1,1.70,0.73,3,1,25%,2
539,Jenrry Mejia,25,NYM,NL,7,0,0,7.1,2,2,0,0,0,1.000,0,0,0,0,2.45,0.29,1,0,0%,0
540,Mark Melancon,30,PIT,NL,78,0,0,76.2,24,7,16,1,1,.958,4,10,2,1,2.70,0.29,0,2,100%,0
541,Roman Mendez,24,TOT,MLB,15,0,0,13.2,2,1,1,0,0,1.000,0,0,0,0,1.32,0.13,2,1,33%,0
542,Roman Mendez,24,TEX,AL,12,0,0,11.2,1,1,0,0,0,1.000,0,0,,0,0.77,0.08,2,1,33%,0
543,Roman Mendez,24,BOS,AL,3,0,0,2.0,1,0,1,0,0,1.000,0,0,0,0,4.50,0.33,0,0,,0
544,Alex Meyer,25,MIN,AL,2,0,0,2.2,2,1,1,0,0,1.000,0,0,,0,6.75,1.00,2,0,0%,0
545,Wade Miley,28,BOS,AL,32,32,1,193.2,38,7,30,1,1,.974,5,5,2,3,1.72,1.16,1,3,75%,5
546,Andrew Miller,30,NYY,AL,60,0,0,61.2,5,2,2,1,0,.800,0,0,0,0,0.58,0.07,1,1,50%,0
547,Justin Miller,28,COL,NL,34,0,0,33.1,3,1,2,0,0,1.000,1,6,1,0,0.81,0.09,3,0,0%,0
548,Shelby Miller,24,ATL,NL,33,33,2,205.1,36,9,22,5,3,.861,-2,-2,0,-1,1.36,0.94,18,6,25%,1
549,Brad Mills,30,OAK,AL,1,1,0,5.0,0,0,0,0,0,,0,0,0,0,0.00,0.00,0,0,,0
550,Tommy Milone,28,MIN,AL,24,23,0,128.2,25,9,16,0,0,1.000,-1,-2,-1,0,1.75,1.04,8,3,27%,1
Rk,Name,Age,Tm,Lg,G,GS,CG,Inn,Ch,PO,A,E,DP,Fld%,Rdrs,Rdrs/yr,Rpm,RsbP,RF/9,RF/G,SB,CS,CS%,PO
551,Bryan Mitchell,24,NYY,AL,20,2,0,29.2,4,1,3,0,0,1.000,0,0,0,0,1.21,0.20,2,0,0%,0
552,Frankie Montas,22,CHW,AL,7,2,0,15.0,1,0,1,0,0,1.000,0,0,0,0,0.60,0.14,0,1,100%,0
553,Rafael Montero,24,NYM,NL,5,1,0,10.0,3,2,1,0,0,1.000,0,0,0,0,2.70,0.60,0,0,,0
554,Mike Montgomery,25,SEA,AL,16,16,2,90.0,15,5,10,0,2,1.000,1,2,1,0,1.50,0.94,1,1,50%,1
555,Matt Moore,26,TBR,AL,12,12,0,63.0,12,3,8,1,0,.917,-1,-3,-1,0,1.57,0.92,2,2,50%,0
556,Tyler Moore,28,WSN,NL,1,0,0,0.2,0,0,0,0,0,,0,0,,0,0.00,0.00,0,0,,0
557,Franklin Morales,29,KCR,AL,67,0,0,62.1,17,4,12,1,2,.941,4,13,2,1,2.31,0.24,0,0,,1
558,Diego Moreno,27,NYY,AL,4,0,0,10.1,1,0,1,0,0,1.000,0,0,0,0,0.87,0.25,1,0,0%,0
559,Adam Morgan,25,PHI,NL,15,15,0,84.1,13,6,7,0,1,1.000,1,2,1,0,1.39,0.87,4,1,20%,1
560,Mike Morin,24,LAA,AL,47,0,0,35.1,6,2,3,1,0,.833,-1,-6,-1,0,1.27,0.11,3,1,25%,0
561,Akeel Morris,22,NYM,NL,1,0,0,0.2,0,0,0,0,0,,0,0,0,0,0.00,0.00,0,0,,0
562,Bryan Morris,28,MIA,NL,67,0,0,63.0,16,2,13,1,2,.938,0,0,0,0,2.14,0.22,3,0,0%,0
563,Brandon Morrow,30,SDP,NL,5,5,0,33.0,5,3,2,0,1,1.000,0,0,-1,1,1.36,1.00,1,2,67%,1
564,Charlie Morton,31,PIT,NL,23,23,0,129.0,27,9,16,2,1,.926,-3,-5,-1,-2,1.74,1.09,13,0,0%,0
565,Jon Moscot,23,CIN,NL,3,3,0,11.2,3,2,1,0,0,1.000,0,0,0,0,2.31,1.00,2,0,0%,0
566,Jason Motte,33,CHC,NL,57,0,0,48.1,6,1,5,0,0,1.000,0,0,0,0,1.12,0.11,1,1,50%,0
567,Peter Moylan,36,ATL,NL,22,0,0,10.1,2,0,2,0,0,1.000,-1,-19,-1,0,1.74,0.09,1,0,0%,0
568,Edward Mujica,31,TOT,MLB,49,0,0,47.1,13,1,10,2,2,.846,1,25,1,-1,2.09,0.22,7,1,13%,0
569,Edward Mujica,31,BOS,AL,11,0,0,13.2,1,0,1,0,0,1.000,1,15,0,0,0.66,0.09,1,0,0%,0
570,Edward Mujica,31,OAK,AL,38,0,0,33.2,12,1,9,2,2,.833,0,0,1,-1,2.67,0.26,6,1,14%,0
571,Toru Murata,30,CLE,AL,1,1,0,3.1,1,0,1,0,0,1.000,0,0,0,0,2.70,1.00,0,0,,0
572,David Murphy,33,CLE,AL,1,0,0,0.1,0,0,0,0,0,,0,0,,0,0.00,0.00,0,0,,0
573,Colton Murray,25,PHI,NL,8,0,0,7.2,1,0,1,0,0,1.000,0,0,0,0,1.17,0.13,1,0,0%,0
574,Chris Narveson,33,MIA,NL,15,2,0,30.1,7,0,5,2,0,.714,0,0,0,0,1.48,0.33,1,1,50%,0
575,Joe Nathan,40,DET,AL,1,0,0,0.1,0,0,0,0,0,,0,0,,,0.00,0.00,0,0,,0
Rk,Name,Age,Tm,Lg,G,GS,CG,Inn,Ch,PO,A,E,DP,Fld%,Rdrs,Rdrs/yr,Rpm,RsbP,RF/9,RF/G,SB,CS,CS%,PO
576,Jimmy Nelson,26,MIL,NL,30,30,0,177.1,30,8,21,1,3,.967,-8,-9,-4,-3,1.47,0.97,24,6,20%,0
577,Hector Neris,26,PHI,NL,32,0,0,40.1,6,1,3,2,0,.667,-1,-5,-1,0,0.89,0.13,1,1,50%,0
578,Angel Nesbitt,24,DET,AL,24,0,0,21.2,4,2,2,0,0,1.000,-1,-9,-1,0,1.66,0.17,0,1,100%,0
579,Pat Neshek,34,HOU,AL,66,0,0,54.2,8,1,6,1,0,.875,-1,-4,0,0,1.15,0.11,0,1,100%,0
580,Juan Nicasio,28,LAD,NL,53,1,0,58.1,13,5,7,1,0,.923,-4,-14,-3,-1,1.85,0.23,9,0,0%,2
581,Justin Nicolino,23,MIA,NL,12,12,0,74.0,17,2,15,0,1,1.000,1,3,1,0,2.07,1.42,1,1,50%,1
582,Jon Niese,28,NYM,NL,33,29,0,176.2,47,7,39,1,4,.979,3,3,1,1,2.34,1.39,6,5,45%,3
583,Hector Noesi,28,CHW,AL,10,5,0,32.2,4,0,4,0,1,1.000,0,0,0,0,1.10,0.40,1,0,0%,0
584,Aaron Nola,22,PHI,NL,13,13,0,77.2,15,5,10,0,0,1.000,-2,-5,-2,0,1.74,1.15,5,3,38%,0
585,Ricky Nolasco,32,MIN,AL,9,8,0,37.1,4,2,1,1,0,.750,-1,-5,-1,0,0.72,0.33,1,2,67%,0
586,Sean Nolin,25,OAK,AL,6,6,0,29.0,1,0,1,0,0,1.000,-1,-7,-1,0,0.31,0.17,1,0,0%,0
587,Bud Norris,30,TOT,MLB,38,11,0,83.0,14,6,6,2,0,.857,-1,-14,-1,1,1.30,0.32,5,3,38%,2
588,Bud Norris,30,BAL,AL,18,11,0,66.1,12,4,6,2,0,.833,-1,-3,-1,1,1.36,0.56,3,3,50%,2
589,Bud Norris,30,SDP,NL,20,0,0,16.2,2,2,0,0,0,1.000,0,0,0,0,1.08,0.10,2,0,0%,0
590,Daniel Norris,22,TOT,MLB,13,13,0,60.0,11,3,8,0,1,1.000,2,40,2,0,1.65,0.85,5,2,29%,0
591,Daniel Norris,22,TOR,AL,5,5,0,23.1,5,0,5,0,0,1.000,1,9,1,0,1.93,1.00,3,2,40%,0
592,Daniel Norris,22,DET,AL,8,8,0,36.2,6,3,3,0,1,1.000,1,5,1,0,1.47,0.75,2,0,0%,0
593,Ivan Nova,28,NYY,AL,17,17,0,94.0,14,4,8,2,2,.857,-3,-6,-1,-1,1.15,0.71,10,3,23%,1
594,Vidal Nuno,27,TOT,MLB,35,10,0,89.0,14,0,13,1,1,.929,0,0,1,0,1.31,0.37,3,0,0%,1
595,Vidal Nuno,27,ARI,NL,3,0,0,14.1,0,0,0,0,0,,0,0,0,0,0.00,0.00,0,0,,0
596,Vidal Nuno,27,SEA,AL,32,10,0,74.2,14,0,13,1,1,.929,0,0,1,0,1.57,0.41,3,0,0%,1
597,Darren O'Day,32,BAL,AL,68,0,0,65.1,6,2,4,0,1,1.000,0,0,0,0,0.83,0.09,3,2,40%,0
598,Eric O'Flaherty,30,TOT,MLB,41,0,0,30.0,7,2,5,0,0,1.000,0,0,0,0,2.10,0.17,2,0,0%,0
599,Eric O'Flaherty,30,OAK,AL,25,0,0,21.1,6,2,4,0,0,1.000,0,0,0,0,2.53,0.24,1,0,0%,0
600,Eric O'Flaherty,30,NYM,NL,16,0,0,8.2,1,0,1,0,0,1.000,0,0,0,0,1.04,0.06,1,0,0%,0
Rk,Name,Age,Tm,Lg,G,GS,CG,Inn,Ch,PO,A,E,DP,Fld%,Rdrs,Rdrs/yr,Rpm,RsbP,RF/9,RF/G,SB,CS,CS%,PO
601,Ryan O'Rourke,27,MIN,AL,28,0,0,22.0,4,2,2,0,0,1.000,1,9,1,0,1.64,0.14,1,0,0%,0
602,Sean O'Sullivan,27,PHI,NL,13,13,0,71.0,12,6,6,0,0,1.000,-1,-3,-1,0,1.52,0.92,5,2,29%,1
603,Scott Oberg,25,COL,NL,64,0,0,58.1,12,6,6,0,1,1.000,1,3,0,0,1.85,0.19,2,2,50%,0
604,Brett Oberholtzer,25,HOU,AL,8,8,0,38.1,10,3,7,0,0,1.000,1,5,1,0,2.35,1.25,4,2,33%,1
605,Jake Odorizzi,25,TBR,AL,28,28,0,169.1,14,4,10,0,2,1.000,-1,-1,0,-1,0.74,0.50,10,3,23%,0
606,Alexi Ogando,31,BOS,AL,64,0,0,65.1,16,8,6,2,0,.875,0,0,-1,1,1.93,0.22,3,3,50%,1
607,Nefi Ogando,26,PHI,NL,4,0,0,4.0,1,1,0,0,0,1.000,0,0,0,0,2.25,0.25,0,0,,0
608,Ross Ohlendorf,32,TEX,AL,21,0,0,19.1,2,0,2,0,0,1.000,0,0,0,0,0.93,0.10,3,0,0%,0
609,Edgar Olmos,25,SEA,AL,6,2,0,14.0,1,0,1,0,0,1.000,0,0,0,0,0.64,0.17,2,0,0%,0
610,Tyler Olson,25,SEA,AL,11,0,0,13.1,2,1,1,0,1,1.000,0,0,0,0,1.35,0.18,0,0,,0
611,Josh Osich,26,SFG,NL,35,0,0,28.2,4,1,2,1,0,.750,-2,-14,-2,0,0.94,0.09,0,0,,0
612,Roberto Osuna,20,TOR,AL,68,0,0,69.2,8,4,4,0,0,1.000,0,0,0,0,1.03,0.12,2,2,50%,0
613,Dan Otero,30,OAK,AL,41,0,0,46.2,7,1,6,0,0,1.000,0,0,-1,1,1.35,0.17,1,2,67%,0
614,Adam Ottavino,29,COL,NL,10,0,0,10.1,1,0,1,0,0,1.000,0,0,0,0,0.87,0.10,2,1,33%,0
615,Henry Owens,22,BOS,AL,11,11,0,63.0,7,1,6,0,1,1.000,-1,-3,-1,0,1.00,0.64,5,1,17%,1
616,Jonathan Papelbon,34,TOT,MLB,59,0,0,63.1,15,7,6,2,1,.867,-1,-19,-1,0,1.85,0.22,4,0,0%,0
617,Jonathan Papelbon,34,PHI,NL,37,0,0,39.2,8,3,3,2,0,.750,-2,-10,-2,0,1.36,0.16,1,0,0%,0
618,Jonathan Papelbon,34,WSN,NL,22,0,0,23.2,7,4,3,0,1,1.000,1,8,1,0,2.66,0.32,3,0,0%,0
619,Bobby Parnell,30,NYM,NL,30,0,0,24.0,8,3,3,2,2,.750,0,0,-1,0,2.25,0.20,1,1,50%,0
620,Manny Parra,32,CIN,NL,40,0,0,32.1,7,5,2,0,0,1.000,0,0,0,0,1.95,0.18,2,0,0%,0
621,Spencer Patton,27,TEX,AL,27,0,0,24.0,5,2,3,0,1,1.000,0,0,0,0,1.88,0.19,0,1,100%,0
622,James Paxton,26,SEA,AL,13,13,0,67.0,6,0,6,0,0,1.000,-2,-6,0,-1,0.81,0.46,4,0,0%,0
623,James Pazos,24,NYY,AL,11,0,0,5.0,1,0,1,0,0,1.000,0,0,0,0,1.80,0.09,0,0,,0
624,Brad Peacock,27,HOU,AL,1,1,0,5.0,1,0,1,0,0,1.000,0,0,0,0,1.80,1.00,0,0,,0
625,Jake Peavy,34,SFG,NL,19,19,0,110.2,19,8,10,1,0,.947,-1,-2,0,-1,1.46,0.95,9,1,10%,1
Rk,Name,Age,Tm,Lg,G,GS,CG,Inn,Ch,PO,A,E,DP,Fld%,Rdrs,Rdrs/yr,Rpm,RsbP,RF/9,RF/G,SB,CS,CS%,PO
626,Mike Pelfrey,31,MIN,AL,30,30,0,164.2,28,8,20,0,2,1.000,-3,-4,-3,0,1.53,0.93,8,2,20%,1
627,Ariel Pena,26,MIL,NL,6,5,0,27.1,2,1,1,0,0,1.000,0,0,0,0,0.66,0.33,3,1,25%,0
628,Joel Peralta,39,LAD,NL,33,0,0,29.0,1,1,0,0,0,1.000,-1,-7,-1,0,0.31,0.03,2,0,0%,0
629,Wily Peralta,26,MIL,NL,20,20,0,108.2,31,11,18,2,1,.935,-2,-4,-1,0,2.40,1.45,5,4,44%,0
630,Martin Perez,24,TEX,AL,14,14,0,78.2,12,5,6,1,1,.917,-2,-5,-2,0,1.26,0.79,2,0,0%,0
631,Oliver Perez,33,TOT,MLB,70,0,0,41.0,9,3,6,0,1,1.000,0,0,0,0,1.98,0.13,2,0,0%,0
632,Oliver Perez,33,ARI,NL,48,0,0,29.0,7,2,5,0,1,1.000,-1,-7,-1,0,2.17,0.15,2,0,0%,0
633,Oliver Perez,33,HOU,AL,22,0,0,12.0,2,1,1,0,0,1.000,1,17,1,0,1.50,0.09,0,0,,0
634,Williams Perez,24,ATL,NL,23,20,1,116.2,22,7,15,0,2,1.000,1,2,1,0,1.70,0.96,3,0,0%,1
635,Glen Perkins,32,MIN,AL,60,0,0,57.0,9,2,7,0,0,1.000,-1,-4,-1,0,1.42,0.15,1,0,0%,0
636,Vinnie Pestano,30,LAA,AL,19,0,0,11.2,1,0,0,1,0,.000,-1,-17,-1,0,0.00,0.00,1,0,0%,0
637,Yusmeiro Petit,30,SFG,NL,42,1,0,76.0,14,5,9,0,0,1.000,-3,-8,-2,-1,1.66,0.33,4,0,0%,0
638,Jake Petricka,27,CHW,AL,62,0,0,52.0,7,1,6,0,1,1.000,-1,-4,-2,0,1.21,0.11,2,0,0%,0
639,David Phelps,28,MIA,NL,23,19,0,112.0,24,4,19,1,2,.958,1,2,1,0,1.85,1.00,5,2,29%,0
640,Stolmy Pimentel,25,TEX,AL,8,0,0,11.1,3,0,3,0,0,1.000,0,0,0,0,2.38,0.38,2,1,33%,0
641,Branden Pinder,26,NYY,AL,25,0,0,27.2,5,2,3,0,1,1.000,1,7,0,0,1.63,0.20,2,0,0%,0
642,Michael Pineda,26,NYY,AL,27,27,1,160.2,30,9,19,2,0,.933,0,0,0,2,1.57,1.04,4,9,69%,0
643,Yohan Pino,31,KCR,AL,7,1,0,19.1,3,0,1,2,0,.333,-2,-21,-1,0,0.47,0.14,1,1,50%,0
644,Drew Pomeranz,26,OAK,AL,53,9,0,86.0,16,2,13,1,2,.938,2,5,2,0,1.57,0.28,9,2,18%,3
645,Rick Porcello,26,BOS,AL,28,28,0,172.0,32,10,19,3,3,.906,-2,-2,1,-1,1.52,1.04,18,5,22%,1
646,Ryan Pressly,26,MIN,AL,27,0,0,27.2,1,0,1,0,1,1.000,0,0,0,0,0.33,0.04,1,2,67%,0
647,David Price,29,TOT,MLB,32,32,3,220.1,39,14,23,2,1,.949,2,10,-1,1,1.51,1.16,0,2,100%,1
648,David Price,29,DET,AL,21,21,3,146.0,28,9,17,2,1,.929,2,3,-1,1,1.60,1.24,0,2,100%,1
649,David Price,29,TOR,AL,11,11,0,74.1,11,5,6,0,0,1.000,0,0,0,0,1.33,1.00,0,0,,0
650,Zach Putnam,27,CHW,AL,49,0,0,48.2,10,2,8,0,0,1.000,-2,-8,-1,-1,1.85,0.20,6,1,14%,0
Rk,Name,Age,Tm,Lg,G,GS,CG,Inn,Ch,PO,A,E,DP,Fld%,Rdrs,Rdrs/yr,Rpm,RsbP,RF/9,RF/G,SB,CS,CS%,PO
651,Kevin Quackenbush,26,SDP,NL,57,0,0,58.1,3,1,2,0,0,1.000,-2,-7,-2,0,0.46,0.05,6,3,33%,0
652,Chad Qualls,36,HOU,AL,60,0,0,49.1,9,2,7,0,1,1.000,-1,-4,0,-1,1.64,0.15,8,2,20%,0
653,Jose Quintana,26,CHW,AL,32,32,1,206.1,29,2,27,0,1,1.000,3,3,3,1,1.26,0.91,11,6,35%,4
654,Ryan Raburn,34,CLE,AL,1,0,0,0.2,0,0,0,0,0,,0,0,0,0,0.00,0.00,0,0,,0
655,Alexei Ramirez,33,CHW,AL,1,0,0,1.0,0,0,0,0,0,,0,0,,,0.00,0.00,0,0,,0
656,Erasmo Ramirez,25,TBR,AL,34,27,0,163.1,27,7,19,1,2,.963,2,2,1,1,1.43,0.76,3,2,40%,2
657,J.C. Ramirez,26,TOT,MLB,20,0,0,23.2,2,1,1,0,0,1.000,-1,-50,0,-1,0.76,0.10,7,1,13%,0
658,J.C. Ramirez,26,ARI,NL,12,0,0,15.1,2,1,1,0,0,1.000,-1,-13,0,-1,1.17,0.17,5,1,17%,0
659,J.C. Ramirez,26,SEA,AL,8,0,0,8.1,0,0,0,0,0,,0,0,0,0,0.00,0.00,2,0,0%,0
660,Jose Ramirez,25,TOT,MLB,8,0,0,7.2,0,0,0,0,0,,0,0,0,0,0.00,0.00,0,0,,0
661,Jose Ramirez,25,NYY,AL,3,0,0,3.0,0,0,0,0,0,,0,0,0,0,0.00,0.00,0,0,,0
662,Jose Ramirez,25,SEA,AL,5,0,0,4.2,0,0,0,0,0,,0,0,0,0,0.00,0.00,0,0,,0
663,Neil Ramirez,26,CHC,NL,19,0,0,14.0,0,0,0,0,0,,0,0,0,0,0.00,0.00,1,0,0%,0
664,Noe Ramirez,25,BOS,AL,17,0,0,13.0,2,2,0,0,0,1.000,0,0,0,0,1.38,0.12,2,1,33%,0
665,A.J. Ramos,28,MIA,NL,71,0,0,70.1,12,4,8,0,1,1.000,-1,-3,-1,0,1.54,0.17,2,0,0%,0
666,Cesar Ramos,31,LAA,AL,65,0,0,52.1,5,0,5,0,0,1.000,-1,-4,-1,0,0.86,0.08,4,0,0%,0
667,Anthony Ranaudo,25,TEX,AL,4,2,0,15.1,2,1,1,0,0,1.000,0,0,0,0,1.17,0.50,2,0,0%,0
668,Cory Rasmus,27,LAA,AL,16,1,0,20.2,1,1,0,0,0,1.000,0,0,0,0,0.44,0.06,2,1,33%,0
669,Rob Rasmussen,26,TOT,MLB,20,0,0,15.1,1,0,1,0,0,1.000,0,0,0,0,0.59,0.05,1,1,50%,0
670,Rob Rasmussen,26,TOR,AL,1,0,0,1.0,0,0,0,0,0,,0,0,,0,0.00,0.00,0,0,,0
671,Rob Rasmussen,26,SEA,AL,19,0,0,14.1,1,0,1,0,0,1.000,0,0,0,0,0.63,0.05,1,1,50%,0
672,Josh Ravin,27,LAD,NL,9,0,0,9.1,1,1,0,0,0,1.000,0,0,0,0,0.96,0.11,2,0,0%,0
673,Robbie Ray,23,ARI,NL,23,23,0,127.2,24,9,15,0,1,1.000,-1,-2,-1,-1,1.69,1.04,11,1,8%,2
674,Colin Rea,24,SDP,NL,6,6,0,31.2,7,1,5,1,1,.857,1,6,1,0,1.71,1.00,3,1,25%,0
675,Chris Rearick,27,SDP,NL,5,0,0,3.0,0,0,0,0,0,,0,0,0,0,0.00,0.00,0,0,,0
Rk,Name,Age,Tm,Lg,G,GS,CG,Inn,Ch,PO,A,E,DP,Fld%,Rdrs,Rdrs/yr,Rpm,RsbP,RF/9,RF/G,SB,CS,CS%,PO
676,Todd Redmond,30,TOR,AL,7,1,0,16.0,0,0,0,0,0,,0,0,0,0,0.00,0.00,0,1,100%,0
677,Addison Reed,26,TOT,MLB,55,0,0,56.0,6,3,3,0,2,1.000,-1,-21,-1,0,0.96,0.11,2,1,33%,0
678,Addison Reed,26,ARI,NL,38,0,0,40.2,4,2,2,0,1,1.000,0,0,0,0,0.89,0.11,2,1,33%,0
679,Addison Reed,26,NYM,NL,17,0,0,15.1,2,1,1,0,1,1.000,-1,-13,-1,0,1.17,0.12,0,0,,0
680,Chris Reed,25,MIA,NL,2,0,0,4.0,3,0,3,0,0,1.000,0,0,0,0,6.75,1.50,0,0,,0
681,Jo-Jo Reyes,30,LAA,AL,1,0,0,0.1,0,0,0,0,0,,0,0,,,0.00,0.00,0,0,,0
682,Matt Reynolds,30,ARI,NL,18,0,0,13.2,2,0,2,0,0,1.000,0,0,0,0,1.32,0.11,1,0,0%,0
683,Clayton Richard,31,CHC,NL,23,3,0,42.1,18,5,13,0,1,1.000,2,9,2,0,3.83,0.78,1,0,0%,0
684,Garrett Richards,27,LAA,AL,32,32,1,207.1,49,17,29,3,2,.939,-4,-4,-3,1,2.00,1.44,6,5,45%,1
685,C.J. Riefenhauser,25,TBR,AL,17,0,0,14.2,1,0,1,0,0,1.000,-2,-27,-2,0,0.61,0.06,1,1,50%,0
686,Andre Rienzo,26,MIA,NL,14,0,0,19.2,2,0,2,0,0,1.000,0,0,0,0,0.92,0.14,1,0,0%,0
687,Felipe Rivero,23,WSN,NL,49,0,0,48.1,10,2,8,0,0,1.000,1,4,1,0,1.86,0.20,4,1,20%,0
688,Donn Roach,25,CHC,NL,1,1,0,3.1,0,0,0,0,0,,0,0,0,0,0.00,0.00,0,0,,0
689,Tanner Roark,28,WSN,NL,40,12,0,111.0,24,9,15,0,3,1.000,1,2,0,1,1.95,0.60,2,4,67%,1
690,Kenny Roberts,27,TOT,MLB,15,0,0,13.2,3,1,2,0,0,1.000,0,0,0,0,1.98,0.20,3,1,25%,0
691,Kenny Roberts,27,COL,NL,9,0,0,9.1,2,1,1,0,0,1.000,0,0,0,0,1.93,0.22,1,1,50%,0
692,Kenny Roberts,27,PHI,NL,6,0,0,4.1,1,0,1,0,0,1.000,0,0,0,0,2.08,0.17,2,0,0%,0
693,David Robertson,30,CHW,AL,60,0,0,63.1,5,4,1,0,0,1.000,-1,-3,-1,0,0.71,0.08,3,1,25%,1
694,Clint Robinson,30,WSN,NL,1,0,0,1.0,0,0,0,0,0,,0,0,0,0,0.00,0.00,0,0,,0
695,Shane Robinson,30,MIN,AL,1,0,0,1.0,0,0,0,0,0,,0,0,,,0.00,0.00,0,0,,0
696,Hansel Robles,24,NYM,NL,57,0,0,54.0,5,1,4,0,0,1.000,0,0,0,0,0.83,0.09,2,1,33%,0
697,Fernando Rodney,38,TOT,MLB,68,0,0,62.2,10,3,7,0,0,1.000,1,19,1,0,1.44,0.15,3,2,40%,0
698,Fernando Rodney,38,SEA,AL,54,0,0,50.2,6,2,4,0,0,1.000,0,0,0,0,1.07,0.11,3,2,40%,0
699,Fernando Rodney,38,CHC,NL,14,0,0,12.0,4,1,3,0,0,1.000,1,17,1,0,3.00,0.29,0,0,,0
700,Carlos Rodon,22,CHW,AL,26,23,1,139.1,22,3,19,0,2,1.000,1,1,2,0,1.42,0.85,10,3,23%,1
Rk,Name,Age,Tm,Lg,G,GS,CG,Inn,Ch,PO,A,E,DP,Fld%,Rdrs,Rdrs/yr,Rpm,RsbP,RF/9,RF/G,SB,CS,CS%,PO
701,Eduardo Rodriguez,22,BOS,AL,21,21,0,121.2,24,5,17,2,0,.917,0,0,0,1,1.63,1.05,2,2,50%,1
702,Fernando Rodriguez,31,OAK,AL,56,0,0,58.2,7,2,4,1,0,.857,2,7,1,1,0.92,0.11,2,3,60%,0
703,Francisco Rodriguez,33,MIL,NL,60,0,0,57.0,7,5,2,0,0,1.000,0,0,0,0,1.11,0.12,2,2,50%,0
704,Paco Rodriguez,24,LAD,NL,18,0,0,10.1,1,1,0,0,0,1.000,0,0,0,0,0.87,0.06,0,1,100%,0
705,Wandy Rodriguez,36,TEX,AL,17,15,0,86.1,11,3,7,1,0,.909,2,5,1,0,1.04,0.59,4,0,0%,0
706,Chaz Roe,28,BAL,AL,36,0,0,41.1,5,1,3,1,0,.800,-1,-5,-1,1,0.87,0.11,1,3,75%,0
707,Esmil Rogers,29,NYY,AL,18,0,0,33.0,7,3,3,1,1,.857,0,0,0,0,1.64,0.33,2,0,0%,0
708,David Rollins,25,SEA,AL,20,0,0,25.0,4,1,3,0,1,1.000,1,8,1,0,1.44,0.20,2,0,0%,0
709,Enny Romero,24,TBR,AL,23,0,0,30.0,4,1,2,1,0,.750,-2,-13,-2,0,0.90,0.13,2,0,0%,0
710,Sergio Romo,32,SFG,NL,70,0,0,57.1,12,4,8,0,0,1.000,2,7,1,1,1.88,0.17,5,3,38%,2
711,Bruce Rondon,24,DET,AL,35,0,0,31.0,8,3,5,0,0,1.000,0,0,0,0,2.32,0.23,4,1,20%,0
712,Hector Rondon,27,CHC,NL,72,0,0,70.0,18,8,10,0,0,1.000,0,0,0,0,2.31,0.25,8,1,11%,2
713,Jorge Rondon,27,TOT,MLB,10,0,0,14.1,2,1,1,0,0,1.000,-1,-85,0,0,1.26,0.20,0,0,,0
714,Jorge Rondon,27,COL,NL,2,0,0,1.0,0,0,0,0,0,,-1,-200,0,0,0.00,0.00,0,0,,0
715,Jorge Rondon,27,BAL,AL,8,0,0,13.1,2,1,1,0,0,1.000,0,0,0,0,1.35,0.25,0,0,,0
716,Adam Rosales,32,TEX,AL,2,0,0,2.0,0,0,0,0,0,,0,0,,0,0.00,0.00,0,0,,0
717,Trevor Rosenthal,25,STL,NL,68,0,0,68.2,4,1,3,0,0,1.000,-2,-6,-2,0,0.52,0.06,2,1,33%,0
718,Seth Rosin,26,PHI,NL,1,0,0,2.0,1,0,1,0,0,1.000,0,0,0,0,4.50,1.00,0,0,,0
719,David Ross,38,CHC,NL,2,0,0,2.0,0,0,0,0,0,,0,0,,,0.00,0.00,0,0,,0
720,Joe Ross,22,WSN,NL,16,13,0,76.2,20,6,13,1,1,.950,1,3,1,0,2.23,1.19,1,1,50%,0
721,Robbie Ross,26,BOS,AL,54,0,0,60.2,15,5,10,0,0,1.000,0,0,0,0,2.23,0.28,0,0,,0
722,Tyson Ross,28,SDP,NL,33,33,1,196.0,47,12,31,4,3,.915,-4,-4,0,-3,1.97,1.30,37,13,26%,3
723,Zac Rosscup,27,CHC,NL,33,0,0,26.2,6,1,5,0,0,1.000,0,0,0,0,2.02,0.18,1,0,0%,0
724,Drew Rucinski,26,LAA,AL,4,1,0,7.0,1,0,1,0,0,1.000,0,0,0,0,1.29,0.25,3,1,25%,0
725,Nick Rumbelow,23,NYY,AL,17,0,0,15.2,0,0,0,0,0,,0,0,0,0,0.00,0.00,1,0,0%,0
Rk,Name,Age,Tm,Lg,G,GS,CG,Inn,Ch,PO,A,E,DP,Fld%,Rdrs,Rdrs/yr,Rpm,RsbP,RF/9,RF/G,SB,CS,CS%,PO
726,Chris Rusin,28,COL,NL,24,22,2,131.2,36,8,27,1,5,.972,3,5,1,2,2.39,1.46,5,4,44%,5
727,James Russell,29,CHC,NL,49,0,0,34.0,10,4,6,0,0,1.000,0,0,0,0,2.65,0.20,5,3,38%,2
728,Brendan Ryan,33,NYY,AL,1,0,0,2.0,0,0,0,0,0,,0,0,0,0,0.00,0.00,0,0,,0
729,Kyle Ryan,23,DET,AL,16,6,0,56.1,8,0,8,0,1,1.000,1,4,1,0,1.28,0.50,2,2,50%,1
730,Marc Rzepczynski,29,TOT,MLB,72,0,0,35.0,11,4,4,3,1,.727,-3,-102,-1,0,2.06,0.11,5,1,17%,0
731,Marc Rzepczynski,29,CLE,AL,45,0,0,20.1,8,4,2,2,1,.750,-2,-20,-1,0,2.66,0.13,3,0,0%,0
732,Marc Rzepczynski,29,SDP,NL,27,0,0,14.2,3,0,2,1,0,.667,-1,-14,0,0,1.23,0.07,2,1,33%,0
733,CC Sabathia,34,NYY,AL,29,29,1,167.1,11,3,7,1,0,.909,-6,-7,-5,1,0.54,0.34,3,2,40%,0
734,Casey Sadler,24,PIT,NL,1,1,0,5.0,3,1,2,0,0,1.000,0,0,0,0,5.40,3.00,0,1,100%,1
735,Fernando Salas,30,LAA,AL,72,0,0,63.2,12,2,10,0,1,1.000,1,3,0,0,1.70,0.17,3,0,0%,0
736,Danny Salazar,25,CLE,AL,30,30,0,185.0,31,11,17,3,1,.903,-2,-2,-3,1,1.36,0.93,3,6,67%,1
737,Chris Sale,26,CHW,AL,31,31,1,208.2,24,7,16,1,1,.958,0,0,-1,1,0.99,0.74,5,4,44%,3
738,Jeff Samardzija,30,CHW,AL,32,32,2,214.0,21,7,14,0,2,1.000,-4,-4,-3,-1,0.88,0.66,12,4,25%,0
739,Keyvius Sampson,24,CIN,NL,13,12,0,52.1,8,4,4,0,0,1.000,1,4,1,0,1.38,0.62,3,2,40%,0
740,Aaron Sanchez,22,TOR,AL,41,11,0,92.1,19,5,12,2,0,.895,1,2,0,1,1.66,0.41,4,7,64%,0
741,Anibal Sanchez,31,DET,AL,25,25,1,157.0,36,21,15,0,0,1.000,2,3,4,-2,2.06,1.44,15,4,21%,0
742,Ervin Santana,32,MIN,AL,17,17,0,108.0,25,10,14,1,2,.960,2,4,1,0,2.00,1.41,7,1,13%,1
743,Hector Santiago,27,LAA,AL,33,32,0,180.2,24,4,20,0,3,1.000,1,1,2,0,1.20,0.73,17,8,32%,4
744,Sergio Santos,31,TOT,MLB,14,0,0,16.1,4,3,1,0,0,1.000,0,0,0,0,2.20,0.29,0,0,,0
745,Sergio Santos,31,LAD,NL,12,0,0,13.1,3,2,1,0,0,1.000,0,0,0,0,2.02,0.25,0,0,,0
746,Sergio Santos,31,NYY,AL,2,0,0,3.0,1,1,0,0,0,1.000,0,0,,,3.00,0.50,0,0,,0
747,Rob Scahill,28,PIT,NL,28,0,0,30.2,6,1,4,1,0,.833,-1,-7,0,0,1.47,0.18,3,1,25%,0
748,Tanner Scheppers,28,TEX,AL,42,0,0,38.1,7,4,3,0,0,1.000,0,0,0,0,1.64,0.17,2,0,0%,0
749,Max Scherzer,30,WSN,NL,33,33,4,228.2,29,7,22,0,0,1.000,0,0,-1,0,1.14,0.88,6,2,25%,0
750,Brian Schlitter,29,CHC,NL,10,0,0,7.1,0,0,0,0,0,,0,0,0,0,0.00,0.00,0,0,,0
Rk,Name,Age,Tm,Lg,G,GS,CG,Inn,Ch,PO,A,E,DP,Fld%,Rdrs,Rdrs/yr,Rpm,RsbP,RF/9,RF/G,SB,CS,CS%,PO
751,A.J. Schugel,26,ARI,NL,5,0,0,9.0,4,0,3,1,1,.750,0,0,0,0,3.00,0.60,1,1,50%,0
752,Bo Schultz,29,TOR,AL,31,0,0,43.0,5,2,2,1,0,.800,-1,-5,0,-1,0.84,0.13,6,0,0%,0
753,Evan Scribner,29,OAK,AL,54,0,0,60.0,10,5,5,0,1,1.000,1,3,1,0,1.50,0.19,6,3,33%,0
754,Luis Severino,21,NYY,AL,11,11,0,62.1,17,5,11,1,1,.941,4,13,3,1,2.31,1.45,3,3,50%,1
755,Bryan Shaw,27,CLE,AL,74,0,0,64.0,12,7,5,0,0,1.000,0,0,0,0,1.69,0.16,5,1,17%,0
756,James Shields,33,SDP,NL,33,33,0,202.1,43,10,30,3,2,.930,0,0,-1,1,1.78,1.21,15,8,35%,3
757,Matt Shoemaker,28,LAA,AL,25,24,0,135.1,23,12,9,2,1,.913,-4,-6,-3,0,1.40,0.84,10,5,33%,2
758,Chasen Shreve,24,NYY,AL,59,0,0,58.1,7,3,4,0,0,1.000,0,0,0,0,1.08,0.12,1,2,67%,0
759,Kevin Siegrist,25,STL,NL,81,0,0,74.2,14,1,10,3,1,.786,0,0,-1,1,1.33,0.14,5,4,44%,3
760,Alfredo Simon,34,DET,AL,31,31,2,187.0,39,14,25,0,2,1.000,1,1,0,0,1.88,1.26,17,7,29%,2
761,Tony Sipp,31,HOU,AL,60,0,0,54.1,9,2,7,0,0,1.000,0,0,-1,1,1.49,0.15,2,3,60%,2
762,Carson Smith,25,SEA,AL,70,0,0,70.0,18,11,6,1,0,.944,-2,-6,-1,-1,2.19,0.24,7,2,22%,0
763,Chad Smith,25,OAK,AL,2,0,0,1.1,0,0,0,0,0,,0,0,,0,0.00,0.00,0,0,,0
764,Joe Smith,31,LAA,AL,70,0,0,65.1,19,3,14,2,3,.895,0,0,-1,1,2.34,0.24,2,2,50%,1
765,Josh Smith,27,CIN,NL,9,7,0,32.2,3,1,1,1,0,.667,-2,-12,-1,-1,0.55,0.22,6,2,25%,0
766,Will Smith,25,MIL,NL,76,0,0,63.1,4,0,4,0,0,1.000,-2,-6,-2,0,0.57,0.05,5,2,29%,1
767,Drew Smyly,26,TBR,AL,12,12,0,66.2,12,1,10,1,0,.917,1,3,1,0,1.48,0.92,9,4,31%,4
768,Miguel Socolovich,28,STL,NL,28,0,0,29.2,7,1,5,1,0,.857,-1,-7,0,-1,1.82,0.21,5,0,0%,0
769,Sammy Solis,26,WSN,NL,18,0,0,21.1,7,3,4,0,0,1.000,0,0,0,0,2.95,0.39,0,0,,0
770,Joakim Soria,31,TOT,MLB,72,0,0,67.2,11,2,9,0,1,1.000,1,17,1,0,1.46,0.15,3,0,0%,0
771,Joakim Soria,31,DET,AL,43,0,0,41.0,10,1,9,0,1,1.000,1,5,1,0,2.20,0.23,1,0,0%,0
772,Joakim Soria,31,PIT,NL,29,0,0,26.2,1,1,0,0,0,1.000,0,0,0,0,0.34,0.03,2,0,0%,0
773,Rafael Soriano,35,CHC,NL,6,0,0,5.2,1,0,1,0,0,1.000,0,0,0,0,1.59,0.17,1,1,50%,0
774,Giovanni Soto,24,CLE,AL,6,0,0,3.1,0,0,0,0,0,,0,0,0,0,0.00,0.00,0,0,,0
775,Craig Stammen,31,WSN,NL,5,0,0,4.0,0,0,0,0,0,,0,0,0,0,0.00,0.00,2,0,0%,0
Rk,Name,Age,Tm,Lg,G,GS,CG,Inn,Ch,PO,A,E,DP,Fld%,Rdrs,Rdrs/yr,Rpm,RsbP,RF/9,RF/G,SB,CS,CS%,PO
776,Tim Stauffer,33,TOT,MLB,18,0,0,20.2,5,0,5,0,1,1.000,1,58,1,0,2.18,0.28,0,0,,0
777,Tim Stauffer,33,MIN,AL,13,0,0,15.0,4,0,4,0,0,1.000,1,13,1,0,2.40,0.31,0,0,,0
778,Tim Stauffer,33,NYM,NL,5,0,0,5.2,1,0,1,0,1,1.000,0,0,0,0,1.59,0.20,0,0,,0
779,Matt Stites,25,ARI,NL,11,0,0,8.2,2,0,2,0,0,1.000,0,0,0,0,2.08,0.18,2,0,0%,0
780,Drew Storen,27,WSN,NL,58,0,0,55.0,10,3,7,0,0,1.000,0,0,0,0,1.64,0.17,0,1,100%,0
781,Dan Straily,26,HOU,AL,4,3,0,16.2,2,1,1,0,0,1.000,0,0,0,0,1.08,0.50,2,0,0%,0
782,Stephen Strasburg,26,WSN,NL,23,23,0,127.1,14,3,9,2,0,.857,-2,-3,0,0,0.85,0.52,4,2,33%,0
783,Huston Street,31,LAA,AL,62,0,0,62.1,12,3,9,0,1,1.000,2,6,1,0,1.73,0.19,4,1,20%,0
784,Hunter Strickland,26,SFG,NL,55,0,0,51.1,9,2,7,0,0,1.000,1,4,0,1,1.58,0.16,2,3,60%,0
785,Marcus Stroman,24,TOR,AL,4,4,0,27.0,10,5,5,0,0,1.000,0,0,0,0,3.33,2.50,1,1,50%,0
786,Pedro Strop,30,CHC,NL,76,0,0,68.0,8,2,6,0,0,1.000,0,0,1,0,1.06,0.11,3,1,25%,1
787,Eric Stults,35,ATL,NL,9,8,0,47.2,6,3,3,0,0,1.000,1,4,0,1,1.13,0.67,1,2,67%,1
788,Jesus Sucre,27,SEA,AL,2,0,0,2.0,0,0,0,0,0,,0,0,0,0,0.00,0.00,0,0,,0
789,Eric Surkamp,27,LAD,NL,1,0,0,3.1,0,0,0,0,0,,0,0,,0,0.00,0.00,0,0,,0
790,Ichiro Suzuki,41,MIA,NL,1,0,0,1.0,0,0,0,0,0,,0,0,,,0.00,0.00,0,0,,0
791,Anthony Swarzak,29,CLE,AL,10,0,0,13.1,2,0,2,0,0,1.000,0,0,0,0,1.35,0.20,1,0,0%,0
792,Noah Syndergaard,22,NYM,NL,24,24,0,150.0,21,8,11,2,0,.905,-5,-7,-3,-2,1.14,0.79,15,1,6%,0
793,Masahiro Tanaka,26,NYY,AL,24,24,1,154.0,30,11,19,0,2,1.000,5,6,3,2,1.75,1.25,1,2,67%,3
794,Junichi Tazawa,29,BOS,AL,61,0,0,58.2,5,1,4,0,2,1.000,-2,-7,-1,-1,0.77,0.08,7,1,13%,0
795,Everett Teaford,31,TBR,AL,4,0,0,5.2,1,0,1,0,0,1.000,0,0,0,0,1.59,0.25,0,0,,0
796,Julio Teheran,24,ATL,NL,33,33,0,200.2,47,16,30,1,5,.979,5,5,1,3,2.06,1.39,6,6,50%,5
797,Ryan Tepera,27,TOR,AL,32,0,0,33.0,4,0,4,0,1,1.000,0,0,0,0,1.09,0.13,0,0,,0
798,Joe Thatcher,33,HOU,AL,43,0,0,22.2,3,0,3,0,0,1.000,0,0,0,0,1.19,0.07,2,0,0%,0
799,Dale Thayer,34,SDP,NL,38,0,0,37.2,2,0,2,0,0,1.000,0,0,0,0,0.48,0.05,2,0,0%,0
800,Caleb Thielbar,28,MIN,AL,6,0,0,5.0,2,1,1,0,0,1.000,0,0,0,0,3.60,0.33,0,0,,0
Rk,Name,Age,Tm,Lg,G,GS,CG,Inn,Ch,PO,A,E,DP,Fld%,Rdrs,Rdrs/yr,Rpm,RsbP,RF/9,RF/G,SB,CS,CS%,PO
801,Ian Thomas,28,TOT,MLB,14,1,0,23.1,4,2,1,1,0,.750,-1,-52,-1,0,1.16,0.21,2,0,0%,0
802,Ian Thomas,28,ATL,NL,5,0,0,5.1,1,1,0,0,0,1.000,0,0,0,0,1.69,0.20,0,0,,0
803,Ian Thomas,28,LAD,NL,9,1,0,18.0,3,1,1,1,0,.667,-1,-11,-1,0,1.00,0.22,2,0,0%,0
804,Aaron Thompson,28,MIN,AL,41,0,0,32.1,11,4,7,0,0,1.000,1,6,1,0,3.06,0.27,2,0,0%,0
805,Tyler Thornburg,26,MIL,NL,24,0,0,34.1,4,3,1,0,0,1.000,0,0,0,0,1.05,0.17,3,0,0%,0
806,Matt Thornton,38,WSN,NL,60,0,0,41.1,10,2,8,0,1,1.000,1,5,1,0,2.18,0.17,2,0,0%,0
807,Chris Tillman,27,BAL,AL,31,31,0,173.0,26,7,18,1,0,.962,-1,-1,-1,0,1.30,0.81,4,1,20%,0
808,Shawn Tolleson,27,TEX,AL,73,0,0,72.1,12,2,10,0,0,1.000,1,3,0,0,1.49,0.16,1,0,0%,0
809,Josh Tomlin,30,CLE,AL,10,10,2,65.2,12,7,5,0,0,1.000,1,3,0,1,1.64,1.20,0,1,100%,1
810,Michael Tonkin,25,MIN,AL,26,0,0,23.1,6,2,4,0,0,1.000,1,9,1,0,2.31,0.23,4,1,20%,0
811,Alex Torres,27,NYM,NL,39,0,0,34.1,7,4,3,0,0,1.000,0,0,0,0,1.83,0.18,3,0,0%,0
812,Carlos Torres,32,NYM,NL,59,0,0,57.2,22,5,17,0,1,1.000,3,10,3,0,3.43,0.37,2,1,33%,0
813,Matt Tracy,26,NYY,AL,1,0,0,2.0,0,0,0,0,0,,0,0,0,0,0.00,0.00,1,0,0%,0
814,Blake Treinen,27,WSN,NL,60,0,0,67.2,19,4,12,3,2,.842,0,0,0,0,2.13,0.27,4,2,33%,0
815,Nick Tropeano,24,LAA,AL,8,7,0,37.2,5,2,2,1,0,.800,0,0,0,0,0.96,0.50,2,1,33%,0
816,Chin-hui Tsao,34,LAD,NL,5,0,0,7.0,0,0,0,0,0,,0,0,0,0,0.00,0.00,0,1,100%,0
817,Sam Tuivailala,22,STL,NL,14,0,0,14.2,4,2,2,0,0,1.000,0,0,0,0,2.45,0.29,2,0,0%,0
818,Koji Uehara,40,BOS,AL,43,0,0,40.1,4,2,2,0,0,1.000,0,0,0,0,0.89,0.09,0,0,,0
819,Jose Urena,23,MIA,NL,20,9,0,61.2,12,0,12,0,1,1.000,2,6,1,0,1.75,0.60,0,0,,0
820,Jose Valdez,25,DET,AL,7,0,0,9.0,0,0,0,0,0,,0,0,0,0,0.00,0.00,0,0,,0
821,Jason Vargas,32,KCR,AL,9,9,0,43.0,7,1,6,0,1,1.000,1,5,1,0,1.47,0.78,1,1,50%,1
822,Anthony Varvaro,30,BOS,AL,9,0,0,11.0,3,2,1,0,0,1.000,0,0,0,0,2.45,0.33,1,1,50%,0
823,Donnie Veal,30,ATL,NL,5,0,0,4.1,1,0,1,0,0,1.000,0,0,0,0,2.08,0.20,0,0,,0
824,Vincent Velasquez,23,HOU,AL,19,7,0,55.2,7,4,3,0,3,1.000,1,4,1,0,1.13,0.37,6,3,33%,0
825,Pat Venditte,30,OAK,AL,26,0,0,28.2,4,1,3,0,0,1.000,1,7,0,0,1.26,0.15,0,0,,0
Rk,Name,Age,Tm,Lg,G,GS,CG,Inn,Ch,PO,A,E,DP,Fld%,Rdrs,Rdrs/yr,Rpm,RsbP,RF/9,RF/G,SB,CS,CS%,PO
826,Yordano Ventura,24,KCR,AL,28,28,0,163.1,33,15,16,2,1,.939,4,5,1,2,1.71,1.11,2,4,67%,1
827,Drew VerHagen,24,DET,AL,20,0,0,26.1,6,2,4,0,0,1.000,0,0,0,0,2.05,0.30,2,0,0%,0
828,Justin Verlander,32,DET,AL,20,20,1,133.1,17,8,6,3,1,.824,-1,-2,-3,2,0.94,0.70,3,4,57%,2
829,Logan Verrett,25,TOT,MLB,18,4,0,47.2,10,7,3,0,2,1.000,-1,-25,0,0,1.89,0.56,2,0,0%,0
830,Logan Verrett,25,TEX,AL,4,0,0,9.0,5,3,2,0,1,1.000,0,0,0,0,5.00,1.25,0,0,,0
831,Logan Verrett,25,NYM,NL,14,4,0,38.2,5,4,1,0,1,1.000,-1,-5,0,0,1.16,0.36,2,0,0%,0
832,Carlos Villanueva,31,STL,NL,35,0,0,61.0,7,3,4,0,0,1.000,0,0,0,0,1.03,0.20,4,3,43%,0
833,Pedro Villarreal,27,CIN,NL,29,0,0,50.0,7,6,1,0,0,1.000,-1,-4,-1,0,1.26,0.24,2,2,50%,0
834,Nick Vincent,28,SDP,NL,26,0,0,23.0,2,0,1,1,1,.500,-2,-17,-2,0,0.39,0.04,2,1,33%,0
835,Arodys Vizcaino,24,ATL,NL,36,0,0,33.2,4,2,2,0,0,1.000,0,0,0,0,1.07,0.11,0,0,,0
836,Ryan Vogelsong,37,SFG,NL,33,22,0,135.0,20,7,13,0,1,1.000,-1,-1,0,-1,1.33,0.61,10,0,0%,0
837,Edinson Volquez,31,KCR,AL,34,33,1,200.1,22,7,13,2,0,.909,-7,-7,-5,-2,0.90,0.59,18,4,18%,0
838,Chris Volstad,28,PIT,NL,1,0,0,2.0,0,0,0,0,0,,0,0,0,0,0.00,0.00,0,0,,0
839,Michael Wacha,23,STL,NL,30,30,0,181.1,50,18,29,3,0,.940,2,2,1,0,2.33,1.57,5,3,38%,0
840,Tsuyoshi Wada,34,CHC,NL,8,7,0,32.1,3,1,2,0,0,1.000,-1,-6,-1,0,0.84,0.38,0,0,,0
841,Tyler Wagner,24,MIL,NL,3,3,0,13.2,3,1,2,0,0,1.000,-1,-15,-1,0,1.98,1.00,1,0,0%,0
842,Adam Wainwright,33,STL,NL,7,4,0,28.0,7,4,3,0,0,1.000,0,0,0,0,2.25,1.00,1,0,0%,0
843,Jordan Walden,27,STL,NL,12,0,0,10.1,0,0,0,0,0,,-1,-19,0,-1,0.00,0.00,3,0,0%,0
844,Taijuan Walker,22,SEA,AL,29,29,1,169.2,35,12,19,4,1,.886,0,0,-1,2,1.64,1.07,4,4,50%,4
845,Adam Warren,27,NYY,AL,43,17,0,131.1,21,6,14,1,1,.952,1,2,1,0,1.37,0.47,6,4,40%,1
846,Tony Watson,30,PIT,NL,77,0,0,75.1,17,5,12,0,1,1.000,2,5,2,0,2.03,0.22,3,0,0%,0
847,Jered Weaver,32,LAA,AL,26,26,1,159.0,32,13,16,3,0,.906,-2,-3,-1,-1,1.64,1.12,22,10,31%,3
848,Daniel Webb,25,CHW,AL,27,0,0,30.0,6,1,4,1,0,.833,-1,-7,-1,0,1.50,0.19,3,1,25%,0
849,Ryan Webb,29,CLE,AL,40,0,0,50.2,16,1,15,0,0,1.000,0,0,1,-1,2.84,0.40,4,0,0%,0
850,Ryan Weber,24,ATL,NL,5,5,0,28.1,10,5,4,1,1,.900,1,7,0,1,2.86,1.80,0,3,100%,1
Rk,Name,Age,Tm,Lg,G,GS,CG,Inn,Ch,PO,A,E,DP,Fld%,Rdrs,Rdrs/yr,Rpm,RsbP,RF/9,RF/G,SB,CS,CS%,PO
851,Allen Webster,25,ARI,NL,9,5,0,31.0,7,2,4,1,1,.857,-1,-6,-1,0,1.74,0.67,4,1,20%,0
852,Matt West,26,LAD,NL,2,0,0,3.0,2,1,1,0,1,1.000,0,0,0,0,6.00,1.00,0,0,,0
853,Chase Whitley,26,NYY,AL,4,4,0,19.1,7,3,3,1,0,.857,0,0,1,0,2.79,1.50,2,1,33%,0
854,Joe Wieland,25,LAD,NL,2,2,0,8.2,2,1,1,0,0,1.000,0,0,0,0,2.08,1.00,1,0,0%,0
855,Tom Wilhelmsen,31,SEA,AL,53,0,0,62.0,15,6,9,0,2,1.000,1,3,1,0,2.18,0.28,2,1,33%,0
856,Adam Wilk,27,LAA,AL,1,0,0,2.0,0,0,0,0,0,,0,0,,0,0.00,0.00,0,0,,0
857,Jerome Williams,33,PHI,NL,33,21,0,121.0,14,5,9,0,0,1.000,-5,-8,-5,0,1.04,0.42,8,1,11%,1
858,Alex Wilson,28,DET,AL,59,1,0,70.0,19,9,9,1,0,.947,1,3,0,1,2.31,0.31,3,4,57%,1
859,C.J. Wilson,34,LAA,AL,21,21,0,132.0,26,4,20,2,1,.923,2,3,1,1,1.64,1.14,5,4,44%,2
860,Josh Wilson,34,DET,AL,1,0,0,1.0,0,0,0,0,0,,0,0,0,0,0.00,0.00,0,0,,0
861,Justin Wilson,27,NYY,AL,74,0,0,61.0,6,1,4,1,1,.833,0,0,0,-1,0.74,0.07,6,1,14%,0
862,Tyler Wilson,25,BAL,AL,9,5,0,36.0,6,2,4,0,1,1.000,0,0,0,0,1.50,0.67,1,2,67%,0
863,Daniel Winkler,25,ATL,NL,2,0,0,1.2,1,1,0,0,0,1.000,0,0,,0,5.40,0.50,0,0,,0
864,Matt Wisler,22,ATL,NL,20,19,0,109.0,23,9,14,0,1,1.000,3,6,2,0,1.90,1.15,2,1,33%,0
865,Asher Wojciechowski,26,HOU,AL,5,3,0,16.1,2,0,1,1,0,.500,-1,-12,0,0,0.55,0.20,1,0,0%,0
866,Randy Wolf,38,DET,AL,8,7,0,34.2,8,3,5,0,0,1.000,2,12,1,1,2.08,1.00,0,1,100%,1
867,Alex Wood,24,TOT,MLB,32,31,0,189.2,33,4,27,2,3,.939,-1,-6,-4,3,1.47,0.97,6,3,33%,5
868,Alex Wood,24,ATL,NL,20,19,0,119.1,18,2,14,2,2,.889,-3,-5,-5,2,1.21,0.80,6,3,33%,4
869,Alex Wood,24,LAD,NL,12,12,0,70.1,15,2,13,0,1,1.000,2,6,1,1,1.92,1.25,0,0,,1
870,Travis Wood,28,CHC,NL,54,9,0,100.2,10,3,7,0,1,1.000,3,6,1,1,0.89,0.19,0,3,100%,1
871,Rob Wooten,29,MIL,NL,4,0,0,6.0,3,1,2,0,0,1.000,0,0,0,0,4.50,0.75,0,0,,0
872,Vance Worley,27,PIT,NL,23,8,0,71.2,15,1,14,0,2,1.000,2,6,2,0,1.88,0.65,4,2,33%,0
873,Mike Wright,25,BAL,AL,12,9,0,44.2,5,2,3,0,0,1.000,-1,-4,-1,0,1.01,0.42,1,1,50%,0
874,Steven Wright,30,BOS,AL,16,9,0,72.2,17,4,12,1,1,.941,3,8,2,1,1.98,1.00,3,2,40%,1
875,Wesley Wright,30,TOT,MLB,11,0,0,7.1,3,2,1,0,0,1.000,0,0,0,0,3.68,0.27,1,0,0%,0
Rk,Name,Age,Tm,Lg,G,GS,CG,Inn,Ch,PO,A,E,DP,Fld%,Rdrs,Rdrs/yr,Rpm,RsbP,RF/9,RF/G,SB,CS,CS%,PO
876,Wesley Wright,30,BAL,AL,2,0,0,1.2,1,0,1,0,0,1.000,0,0,0,0,5.40,0.50,0,0,,0
877,Wesley Wright,30,LAA,AL,9,0,0,5.2,2,2,0,0,0,1.000,0,0,0,0,3.18,0.22,1,0,0%,0
878,Kirby Yates,28,TBR,AL,20,0,0,20.1,3,0,2,1,0,.667,0,0,0,0,0.89,0.10,3,1,25%,0
879,Chris Young,36,KCR,AL,34,18,0,123.1,15,4,10,1,0,.933,-1,-2,1,-2,1.02,0.41,18,7,28%,1
880,Brad Ziegler,35,ARI,NL,66,0,0,68.0,16,4,10,2,0,.875,2,6,2,0,1.85,0.21,0,1,100%,0
881,Jordan Zimmermann,29,WSN,NL,33,33,0,201.2,47,16,29,2,1,.957,2,2,0,2,2.01,1.36,7,7,50%,3
882,Barry Zito,37,OAK,AL,3,2,0,7.0,3,1,2,0,1,1.000,0,0,0,0,3.86,1.00,0,0,,0
883,Tony Zych,24,SEA,AL,13,1,0,18.1,3,0,3,0,0,1.000,-2,-22,-2,0,1.47,0.23,2,2,50%,0
,LgAvg,,,,70,17,0,153,29,9,18,1,1,.955,,,,,1.61,0.39,9,4,30%,1